time_sec,left_goal_deg,left_actual_deg,left_error_deg,left_velocity_raw,left_current_raw,right_goal_deg,right_actual_deg,right_error_deg,right_velocity_raw,right_current_raw
0.0000,180.000,179.912,0.088,1,12,180.000,180.088,-0.088,0,-4
0.3655,200.039,179.912,20.127,1,12,159.961,180.088,-20.127,0,0
0.5022,201.885,184.922,16.963,65,37,158.115,174.902,-16.787,-62,-40
0.5873,201.094,195.732,5.361,92,12,158.906,164.355,-5.449,-87,-13
0.6704,198.896,201.270,-2.373,33,12,161.104,158.730,2.373,-30,-13
0.7577,195.117,201.621,-6.504,-3,-13,164.883,158.291,6.592,0,14
0.8424,190.371,200.303,-9.932,-14,-16,169.629,158.818,10.811,10,18
0.9278,184.922,197.490,-12.568,-26,-17,175.078,161.895,13.184,31,19
1.0134,179.121,193.447,-14.326,-36,-17,180.879,166.465,14.414,40,18
1.0980,173.408,188.525,-15.117,-42,-18,186.592,171.299,15.293,44,19
1.1818,168.135,183.076,-14.941,-48,-18,191.865,176.748,15.117,48,19
1.2657,163.740,177.363,-13.623,-48,-17,196.260,182.637,13.623,52,17
1.3531,160.400,171.826,-11.426,-45,-17,199.600,188.438,11.162,48,16
1.4390,158.467,166.992,-8.525,-38,-15,201.533,193.359,8.174,41,15
1.5323,158.203,162.598,-4.395,-31,-14,201.797,197.578,4.219,31,15
1.6161,159.521,159.873,-0.352,-19,-13,200.479,200.127,0.352,19,13
1.7004,162.246,158.906,3.340,-4,-13,197.754,201.270,-3.516,7,12
1.7852,166.289,158.994,7.295,2,15,193.711,201.094,-7.383,-2,-15
1.8682,171.211,160.225,10.986,17,16,188.789,199.688,-10.898,-16,-18
1.9511,176.660,163.564,13.096,32,17,183.340,196.436,-13.096,-31,-17
2.0341,182.285,167.520,14.766,36,17,177.715,192.217,-14.502,-38,-18
2.1163,187.822,172.441,15.381,46,18,172.178,187.119,-14.941,-47,-19
2.2041,193.096,178.066,15.029,45,18,166.904,181.494,-14.590,-49,-19
2.2906,197.314,184.131,13.184,52,17,162.686,175.781,-13.096,-45,-18
2.3967,200.742,190.811,9.932,44,16,159.258,169.189,-9.932,-43,-17
2.4858,201.885,195.469,6.416,35,15,158.115,164.707,-6.592,-35,-15
2.5791,201.270,198.896,2.373,24,13,158.730,161.104,-2.373,-24,-14
2.6692,198.896,200.742,-1.846,12,12,161.104,159.346,1.758,-9,-15
2.7647,194.766,200.918,-6.152,-2,-14,165.234,159.082,6.152,0,14
2.8647,189.053,199.688,-10.635,-13,-16,170.947,159.961,10.986,11,17
2.9477,183.516,196.787,-13.271,-28,-17,176.484,162.949,13.535,31,19
3.0313,177.891,192.568,-14.678,-38,-18,182.109,167.344,14.766,39,19
3.1173,172.090,187.295,-15.205,-44,-19,187.910,172.441,15.469,45,20
3.2048,166.904,181.494,-14.590,-49,-18,193.096,178.242,14.854,50,19
3.2900,162.686,175.869,-13.184,-48,-17,197.314,184.307,13.008,52,17
3.3757,159.697,170.508,-10.811,-43,-17,200.303,189.756,10.547,45,16
3.4603,158.203,166.113,-7.910,-34,-16,201.797,194.414,7.383,38,16
3.5456,158.291,162.158,-3.867,-31,-15,201.709,198.193,3.516,29,14
3.6311,159.873,159.609,0.264,-17,-14,200.127,200.479,-0.352,18,14
3.7152,162.949,158.906,4.043,-2,-9,197.051,201.357,-4.307,4,-8
3.8164,168.047,159.082,8.965,2,16,191.953,200.830,-8.877,-6,-15
3.9011,173.320,161.279,12.041,24,16,186.680,198.633,-11.953,-22,-17
3.9869,179.121,165.146,13.975,34,16,180.879,194.766,-13.887,-34,-17
4.0716,184.834,169.629,15.205,41,18,175.166,190.107,-14.941,-42,-19
4.1562,190.283,175.078,15.205,49,19,169.717,184.658,-14.941,-47,-19
4.2482,195.381,181.143,14.238,51,18,164.619,178.418,-13.799,-48,-19
4.3341,198.984,186.855,12.129,49,16,161.016,172.969,-11.953,-48,-19
4.4185,201.182,192.129,9.053,43,16,158.818,167.959,-9.141,-42,-17
4.5028,201.885,196.260,5.625,34,14,158.115,163.740,-5.625,-35,-16
4.5869,201.094,199.160,1.934,23,14,158.906,160.752,-1.846,-22,-16
4.6713,198.809,200.830,-2.021,11,12,161.191,159.258,1.934,-8,-14
4.7619,194.941,201.006,-6.064,-1,-13,165.059,159.082,5.977,0,13
4.8564,189.580,199.863,-10.283,-12,-16,170.420,159.697,10.723,9,18
4.9474,183.604,196.875,-13.271,-27,-17,176.396,162.949,13.447,31,18
5.0371,177.451,192.305,-14.854,-38,-18,182.549,167.607,14.941,39,18
5.1296,171.387,186.680,-15.293,-46,-18,188.613,173.145,15.469,45,19
5.2199,166.025,180.615,-14.590,-49,-18,193.975,179.297,14.678,53,18
5.3102,161.895,174.639,-12.744,-47,-18,198.105,185.625,12.480,51,17
5.4013,159.082,169.102,-10.020,-42,-18,200.918,191.338,9.580,43,16
5.4912,158.115,164.531,-6.416,-35,-16,201.885,195.820,6.064,35,15
5.5838,158.818,160.840,-2.021,-26,-14,201.182,199.336,1.846,23,14
5.6742,161.279,159.082,2.197,-9,-12,198.721,201.094,-2.373,11,14
5.7727,165.674,158.906,6.768,1,13,194.326,201.182,-6.855,0,-15
5.8635,170.947,159.873,11.074,15,17,189.053,199.863,-10.811,-15,-17
5.9568,177.100,163.652,13.447,33,16,182.900,196.260,-13.359,-31,-17
6.0462,183.164,168.047,15.117,37,18,176.836,191.514,-14.678,-40,-18
6.1393,189.229,173.848,15.381,48,19,170.771,185.625,-14.854,-49,-19
6.2300,194.502,179.824,14.678,52,17,165.498,179.736,-14.238,-48,-19
6.3382,199.160,187.119,12.041,48,16,160.840,172.617,-11.777,-47,-18
6.4306,201.445,192.568,8.877,41,16,158.555,167.432,-8.877,-39,-17
6.5229,201.885,196.963,4.922,33,15,158.115,162.949,-4.834,-32,-16
6.6148,200.479,199.863,0.615,20,14,159.521,160.049,-0.527,-19,-14
6.7110,197.314,201.094,-3.779,6,12,162.686,159.082,3.604,-4,-14
6.8017,192.744,200.742,-7.998,-3,-15,167.256,159.082,8.174,0,16
6.8898,187.383,198.984,-11.602,-19,-16,172.617,160.576,12.041,19,18
6.9807,181.318,195.381,-14.062,-32,-18,178.682,164.619,14.062,36,18
7.0720,175.078,190.195,-15.117,-41,-18,184.922,169.717,15.205,43,19
7.1645,169.189,184.395,-15.205,-48,-18,190.811,175.518,15.293,48,19
7.2566,164.180,178.154,-13.975,-49,-18,195.820,182.021,13.799,52,18
7.3488,160.488,172.266,-11.777,-46,-18,199.512,188.086,11.426,48,16
7.4399,158.467,167.080,-8.613,-38,-16,201.533,193.359,8.174,41,16
7.5316,158.203,162.773,-4.570,-32,-14,201.797,197.666,4.131,31,15
7.6274,159.785,159.785,0.000,-17,-13,200.215,200.391,-0.176,18,14
7.7196,163.125,158.906,4.219,-2,-1,196.875,201.270,-4.395,3,-9
7.8119,167.783,158.994,8.789,1,17,192.217,200.918,-8.701,-5,-15
7.9039,173.496,161.104,12.393,25,17,186.504,198.545,-12.041,-22,-17
7.9958,179.736,165.410,14.326,36,17,180.264,194.326,-14.062,-35,-18
8.0875,185.889,170.420,15.469,43,19,174.111,189.141,-15.029,-43,-19
8.1793,191.689,176.309,15.381,48,19,168.311,183.076,-14.766,-47,-18
8.2727,196.523,182.549,13.975,51,17,163.477,176.836,-13.359,-49,-17
8.3653,199.951,188.701,11.250,47,16,160.049,171.123,-11.074,-43,-18
8.4581,201.709,194.150,7.559,40,16,158.291,165.938,-7.646,-36,-15
8.5558,201.621,198.193,3.428,28,15,158.379,161.807,-3.428,-26,-15
8.6479,199.600,200.391,-0.791,16,13,160.400,159.609,0.791,-13,-14
8.7406,195.908,201.006,-5.098,1,-12,164.092,159.258,4.834,0,-2
8.8336,190.898,200.391,-9.492,-7,-16,169.102,159.434,9.668,2,17
8.9251,185.098,197.754,-12.656,-24,-18,174.902,161.895,13.008,27,19
9.0176,178.857,193.447,-14.590,-37,-18,181.143,166.553,14.590,39,18
9.1093,172.617,187.998,-15.381,-43,-19,187.383,171.914,15.469,45,19
9.2038,166.904,181.846,-14.941,-49,-19,193.096,178.066,15.029,50,19
9.2975,162.334,175.518,-13.184,-48,-18,197.666,184.746,12.920,53,18
9.3893,159.346,169.893,-10.547,-43,-17,200.654,190.547,10.107,44,16
9.4879,158.115,164.795,-6.680,-35,-15,201.885,195.732,6.152,35,15
9.5811,158.818,160.928,-2.109,-26,-13,201.182,199.248,1.934,24,14
9.6939,161.982,158.994,2.988,-6,-13,198.018,201.182,-3.164,7,12
9.7982,166.992,158.994,7.998,1,15,193.008,201.006,-7.998,-3,-15
9.8983,173.145,160.752,12.393,23,17,186.855,198.809,-11.953,-21,-18
9.9859,179.033,164.971,14.062,36,18,180.967,194.941,-13.975,-34,-18
10.0740,185.010,169.629,15.381,42,19,174.990,189.932,-14.941,-43,-18
10.1614,190.635,175.254,15.381,49,19,169.365,184.482,-15.117,-46,-19
10.2488,195.469,180.967,14.502,51,18,164.531,178.594,-14.062,-48,-18
10.3334,198.984,186.680,12.305,49,17,161.016,172.969,-11.953,-48,-19
10.4209,201.270,192.129,9.141,43,17,158.730,167.871,-9.141,-41,-17
10.5096,201.885,196.436,5.449,34,15,158.115,163.477,-5.361,-34,-16
10.5975,200.918,199.424,1.494,22,14,159.082,160.576,-1.494,-20,-15
10.6860,198.281,200.918,-2.637,9,12,161.719,159.258,2.461,-5,-14
10.7735,194.326,200.918,-6.592,-3,-14,165.674,159.082,6.592,0,13
10.8612,189.229,199.863,-10.635,-13,-16,170.771,159.785,10.986,10,19
10.9489,183.428,196.787,-13.359,-28,-17,176.572,162.949,13.623,31,17
11.0360,177.539,192.480,-14.941,-38,-18,182.461,167.520,14.941,39,18
11.1239,171.738,187.031,-15.293,-45,-19,188.262,172.793,15.469,45,19
11.2124,166.465,181.230,-14.766,-49,-18,193.535,178.682,14.854,51,19
11.3008,162.246,175.254,-13.008,-48,-18,197.754,184.922,12.832,52,17
11.3884,159.434,169.893,-10.459,-43,-17,200.566,190.371,10.195,45,16
11.4749,158.115,165.498,-7.383,-34,-16,201.885,194.941,6.943,36,15
11.5628,158.467,161.631,-3.164,-29,-15,201.533,198.721,2.812,28,15
11.6495,160.488,159.434,1.055,-13,-14,199.512,200.654,-1.143,15,13
11.7353,163.828,158.906,4.922,0,12,196.172,201.182,-5.010,1,-13
11.8255,168.574,159.082,9.492,2,17,191.426,200.566,-9.141,-8,-16
11.9182,174.463,161.719,12.744,28,17,185.537,197.930,-12.393,-24,-18
12.0109,180.703,166.201,14.502,37,18,179.297,193.535,-14.238,-36,-18
12.1036,186.943,171.387,15.557,45,19,173.057,188.174,-15.117,-44,-19
12.1996,192.832,177.539,15.293,45,19,167.168,181.846,-14.678,-49,-18
12.2940,197.490,184.131,13.359,51,17,162.510,175.605,-13.096,-46,-18
12.3934,200.742,190.371,10.371,45,16,159.258,169.453,-10.195,-43,-17
12.4990,201.885,195.996,5.889,35,15,158.115,163.916,-5.801,-36,-15
12.5911,201.006,199.248,1.758,22,14,158.994,160.752,-1.758,-21,-16
12.6805,198.457,200.830,-2.373,10,12,161.543,159.346,2.197,-7,-14
12.7674,194.590,200.918,-6.328,-2,-14,165.410,159.170,6.240,0,13
12.8543,189.668,199.951,-10.283,-11,-17,170.332,159.697,10.635,8,18
12.9430,183.867,197.051,-13.184,-27,-18,176.133,162.686,13.447,30,18
13.0314,177.891,192.744,-14.854,-37,-19,182.109,167.168,14.941,38,19
13.1207,171.914,187.295,-15.381,-44,-19,188.086,172.617,15.469,45,20
13.2085,166.641,181.494,-14.854,-48,-19,193.359,178.418,14.941,50,19
13.2964,162.422,175.518,-13.096,-48,-19,197.578,184.658,12.920,51,17
13.3839,159.521,170.068,-10.547,-43,-17,200.479,190.195,10.283,45,16
13.4724,158.115,165.586,-7.471,-34,-16,201.885,194.854,7.031,37,15
13.5604,158.467,161.631,-3.164,-29,-14,201.533,198.633,2.900,28,15
13.6477,160.400,159.434,0.967,-13,-14,199.600,200.742,-1.143,15,12
13.7359,163.828,158.906,4.922,0,12,196.172,201.270,-5.098,1,-13
13.8245,168.574,159.082,9.492,1,17,191.426,200.654,-9.229,-8,-16
13.9123,174.023,161.455,12.568,27,16,185.977,198.281,-12.305,-22,-17
14.0042,180.264,165.850,14.414,36,18,179.736,193.887,-14.150,-36,-17
14.0931,186.328,170.771,15.557,44,18,173.672,188.789,-15.117,-43,-18
14.1812,191.777,176.396,15.381,48,19,168.223,183.076,-14.854,-47,-19
14.2683,196.348,182.285,14.062,51,17,163.652,177.188,-13.535,-49,-19
14.3552,199.688,188.086,11.602,47,16,160.312,171.738,-11.426,-45,-17
14.4487,201.621,193.623,7.998,41,15,158.379,166.465,-8.086,-37,-17
14.5425,201.709,197.666,4.043,29,15,158.291,162.246,-3.955,-28,-15
14.6355,199.951,200.127,-0.176,17,13,160.049,159.697,0.352,-15,-14
14.7282,196.523,201.094,-4.570,5,-12,163.477,159.082,4.395,-2,-3
14.8187,191.777,200.654,-8.877,-4,-16,168.223,159.258,8.965,3,17
14.9184,185.537,198.193,-12.656,-23,-18,174.463,161.631,12.832,26,19
15.0112,179.297,193.799,-14.502,-37,-18,180.703,166.289,14.414,39,18
15.1045,172.969,188.438,-15.469,-43,-19,187.031,171.650,15.381,45,19
15.1978,167.256,182.197,-14.941,-49,-19,192.744,177.715,15.029,49,19
15.2911,162.598,176.045,-13.447,-48,-19,197.402,184.395,13.008,52,18
15.3849,159.521,170.156,-10.635,-44,-17,200.479,190.195,10.283,44,18
15.4786,158.115,165.234,-7.119,-34,-15,201.885,195.205,6.680,36,15
15.5817,158.818,160.928,-2.109,-26,-14,201.182,199.160,2.021,24,14
15.6816,161.543,159.082,2.461,-8,-13,198.457,201.006,-2.549,10,13
15.7753,165.762,158.994,6.768,2,14,194.238,201.094,-6.855,-1,-15
15.8645,170.947,159.873,11.074,15,17,189.053,199.775,-10.723,-15,-18
15.9520,176.748,163.301,13.447,32,17,183.252,196.523,-13.271,-30,-17
16.0392,182.637,167.520,15.117,36,19,177.363,192.041,-14.678,-39,-17
16.1276,188.525,172.881,15.645,47,20,171.475,186.504,-15.029,-48,-18
16.2152,193.711,178.594,15.117,47,19,166.289,180.791,-14.502,-49,-18
16.3020,197.842,184.658,13.184,51,17,162.158,175.166,-13.008,-45,-18
16.3883,200.566,190.107,10.459,45,17,159.434,169.805,-10.371,-43,-17
16.4755,201.885,194.941,6.943,37,15,158.115,165.059,-6.943,-36,-16
16.5638,201.445,198.457,2.988,27,14,158.555,161.455,-2.900,-25,-15
16.6525,199.424,200.566,-1.143,15,12,160.576,159.434,1.143,-12,-14
16.7408,195.908,201.006,-5.098,1,-13,164.092,159.082,5.010,-1,13
16.8280,191.250,200.479,-9.229,-6,-16,168.750,159.346,9.404,5,17
16.9155,185.713,198.193,-12.480,-23,-17,174.287,161.543,12.744,25,18
17.0033,179.824,194.326,-14.502,-35,-19,180.176,165.674,14.502,38,18
17.0903,173.936,189.316,-15.381,-42,-18,186.064,170.684,15.381,45,20
17.1776,168.398,183.604,-15.205,-48,-19,191.602,176.309,15.293,49,21
17.2651,163.828,177.715,-13.887,-48,-18,196.172,182.461,13.711,52,17
17.3531,160.400,172.090,-11.689,-46,-17,199.600,188.262,11.338,48,16
17.4409,158.467,167.080,-8.613,-39,-16,201.533,193.271,8.262,41,16
17.5289,158.203,162.949,-4.746,-32,-16,201.797,197.402,4.395,32,15
17.6223,159.697,159.961,-0.264,-18,-14,200.303,200.215,0.088,19,14
17.7164,162.949,158.906,4.043,-3,-1,197.051,201.182,-4.131,4,-9
17.8107,167.695,158.994,8.701,1,16,192.305,200.742,-8.438,-6,-15
17.9045,173.584,161.104,12.480,25,17,186.416,198.457,-12.041,-21,-17
17.9981,179.912,165.498,14.414,36,17,180.088,194.238,-14.150,-35,-17
18.0909,186.152,170.596,15.557,43,19,173.848,188.965,-15.117,-43,-19
18.1830,191.865,176.484,15.381,48,19,168.135,182.988,-14.854,-47,-19
18.2732,196.611,182.637,13.975,51,17,163.389,176.924,-13.535,-49,-18
18.3676,200.039,188.877,11.162,47,16,159.961,171.035,-11.074,-43,-18
18.4612,201.797,194.238,7.559,40,15,158.203,165.938,-7.734,-36,-17
18.5546,201.621,198.105,3.516,27,15,158.379,161.807,-3.428,-26,-15
18.6494,199.512,200.566,-1.055,15,13,160.488,159.521,0.967,-13,-14
18.7434,195.820,201.006,-5.186,0,-13,164.180,159.082,5.098,0,13
18.8375,190.723,200.303,-9.580,-8,-16,169.277,159.434,9.844,7,18
18.9313,184.658,197.578,-12.920,-25,-17,175.342,162.158,13.184,28,19
19.0249,178.330,193.184,-14.854,-37,-18,181.670,166.816,14.854,39,18
19.1176,172.090,187.559,-15.469,-44,-19,187.910,172.354,15.557,45,20
19.2107,166.553,181.318,-14.766,-49,-18,193.447,178.594,14.854,51,18
19.3044,162.070,175.078,-13.008,-47,-17,197.930,185.186,12.744,51,18
19.3998,159.170,169.277,-10.107,-42,-17,200.830,191.074,9.756,43,16
19.4933,158.115,164.531,-6.416,-35,-16,201.885,195.908,5.977,35,15
19.5874,158.906,160.752,-1.846,-25,-14,201.094,199.336,1.758,22,15
19.6810,161.543,159.082,2.461,-8,-12,198.457,201.006,-2.549,10,12
19.7747,165.762,158.994,6.768,2,13,194.238,201.094,-6.855,-1,-14
19.8693,171.299,159.961,11.338,16,16,188.701,199.600,-10.898,-16,-17
19.9631,177.539,163.828,13.711,34,17,182.461,195.996,-13.535,-32,-18
20.0578,183.955,168.574,15.381,39,18,176.045,190.986,-14.941,-41,-18
20.1580,190.459,174.990,15.469,49,18,169.541,184.658,-15.117,-47,-19
20.2529,195.645,181.318,14.326,51,18,164.355,178.154,-13.799,-49,-18
20.3473,199.424,187.646,11.777,47,16,160.576,172.090,-11.514,-46,-18
20.4411,201.533,193.184,8.350,41,15,158.467,166.816,-8.350,-38,-16
20.5353,201.797,197.402,4.395,30,15,158.203,162.422,-4.219,-29,-15
20.6292,200.127,200.127,0.000,18,13,159.873,159.873,0.000,-16,-14
20.7234,196.699,201.094,-4.395,5,-3,163.301,159.170,4.131,-2,-13
20.8182,191.865,200.654,-8.789,-4,-14,168.135,159.346,8.789,4,16
20.9120,185.977,198.369,-12.393,-23,-17,174.023,161.367,12.656,23,19
21.0062,179.648,194.150,-14.502,-35,-18,180.352,165.938,14.414,38,17
21.1009,173.232,188.613,-15.381,-43,-19,186.768,171.299,15.469,45,19
21.1934,167.520,182.461,-14.941,-48,-18,192.480,177.363,15.117,49,19
21.2872,162.773,176.309,-13.535,-48,-18,197.227,183.955,13.271,52,17
21.3815,159.609,170.332,-10.723,-44,-17,200.391,190.020,10.371,46,17
21.4748,158.115,165.498,-7.383,-34,-16,201.885,195.029,6.855,37,16
21.5843,158.818,160.928,-2.109,-26,-13,201.182,199.248,1.934,23,14
21.6781,161.455,159.082,2.373,-10,-12,198.545,201.006,-2.461,11,14
21.7715,165.586,158.994,6.592,2,13,194.414,201.182,-6.768,-1,-14
21.8659,171.035,159.785,11.250,14,17,188.965,199.775,-10.811,-15,-17
21.9591,177.188,163.652,13.535,33,16,182.812,196.084,-13.271,-31,-18
22.0528,183.604,168.311,15.293,39,18,176.396,191.250,-14.854,-40,-19
22.1472,189.756,174.287,15.469,49,19,170.244,185.361,-15.117,-48,-19
22.2411,195.029,180.439,14.590,51,18,164.971,179.033,-14.062,-48,-18
22.3362,199.072,186.855,12.217,48,17,160.928,172.793,-11.865,-47,-18
22.4307,201.445,192.656,8.789,42,15,158.555,167.432,-8.877,-39,-16
22.5233,201.885,197.051,4.834,32,14,158.115,162.949,-4.834,-31,-16
22.6181,200.391,199.951,0.439,20,13,159.609,160.049,-0.439,-18,-15
22.7112,197.227,201.094,-3.867,6,12,162.773,159.170,3.604,-3,-13
22.8050,192.568,200.742,-8.174,-5,-15,167.432,159.170,8.262,2,16
22.8982,186.855,198.721,-11.865,-20,-17,173.145,160.840,12.305,20,20
22.9925,180.439,194.854,-14.414,-33,-19,179.561,165.146,14.414,37,19
23.0863,174.199,189.404,-15.205,-42,-18,185.801,170.508,15.293,44,18
23.1811,168.223,183.252,-15.029,-48,-17,191.777,176.572,15.205,49,20
23.2760,163.301,177.012,-13.711,-48,-18,196.699,183.164,13.535,51,17
23.3697,159.873,171.035,-11.162,-44,-17,200.127,189.316,10.811,46,16
23.4643,158.203,165.938,-7.734,-35,-16,201.797,194.502,7.295,38,15
23.5571,158.467,161.807,-3.340,-30,-14,201.533,198.545,2.988,28,15
23.6521,160.488,159.346,1.143,-13,-13,199.512,200.742,-1.230,15,13
23.7468,164.355,158.906,5.449,0,12,195.645,201.182,-5.537,1,-13
23.8392,169.453,159.258,10.195,5,16,190.547,200.391,-9.844,-9,-16
23.9337,175.518,162.246,13.271,30,16,184.482,197.402,-12.920,-27,-18
24.0267,181.758,166.816,14.941,37,18,178.242,192.744,-14.502,-37,-19
24.1201,188.086,172.441,15.645,47,18,171.914,186.943,-15.029,-47,-19
24.2155,193.711,178.682,15.029,47,18,166.289,180.703,-14.414,-49,-18
24.3094,198.105,185.186,12.920,50,16,161.895,174.639,-12.744,-45,-19
24.4034,200.918,190.986,9.932,44,16,159.082,168.838,-9.756,-43,-17
24.4972,201.885,195.820,6.064,35,15,158.115,164.004,-5.889,-36,-16
24.5907,201.006,199.160,1.846,23,13,158.994,160.752,-1.758,-21,-16
24.6823,198.457,200.830,-2.373,10,12,161.543,159.346,2.197,-5,-14
24.7767,194.150,200.918,-6.768,-2,-14,165.850,159.258,6.592,0,14
24.8678,188.789,199.775,-10.986,-14,-17,171.211,159.961,11.250,10,17
24.9643,182.373,196.260,-13.887,-30,-18,177.627,163.652,13.975,33,19
25.0573,176.133,191.162,-15.029,-41,-19,183.867,168.750,15.117,42,19
25.1537,169.805,185.186,-15.381,-47,-19,190.195,174.727,15.469,47,21
25.2459,164.707,178.945,-14.238,-49,-18,195.293,181.143,14.150,53,19
25.3475,160.576,172.441,-11.865,-46,-18,199.424,187.910,11.514,49,16
25.4521,158.291,166.641,-8.350,-36,-16,201.709,193.887,7.822,39,15
25.5694,158.555,161.455,-2.900,-28,-13,201.445,198.721,2.725,26,13
25.6687,161.104,159.258,1.846,-11,-13,198.896,200.918,-2.021,13,12
25.7580,164.883,158.906,5.977,0,12,195.117,201.182,-6.064,-1,-13
25.8500,170.068,159.434,10.635,9,17,189.932,200.127,-10.195,-11,-17
25.9584,177.188,163.564,13.623,33,16,182.812,196.172,-13.359,-31,-18
26.0506,183.428,168.047,15.381,37,19,176.572,191.514,-14.941,-39,-19
26.1461,189.668,174.023,15.645,49,19,170.332,185.449,-15.117,-50,-18
26.2419,195.117,180.439,14.678,51,18,164.883,178.945,-14.062,-49,-18
26.3339,198.984,186.680,12.305,49,17,161.016,172.969,-11.953,-47,-18
26.4240,201.270,192.217,9.053,43,15,158.730,167.695,-8.965,-41,-17
26.5154,201.885,196.611,5.273,33,14,158.115,163.301,-5.186,-33,-15
26.6061,200.742,199.512,1.230,20,13,159.258,160.312,-1.055,-20,-14
26.6981,197.842,200.918,-3.076,8,12,162.158,159.170,2.988,-4,-14
26.7889,193.447,200.830,-7.383,-2,-14,166.553,159.082,7.471,0,15
26.8802,187.998,199.424,-11.426,-16,-16,172.002,160.225,11.777,16,19
26.9693,182.109,195.996,-13.887,-31,-18,177.891,163.916,13.975,34,18
27.0599,175.957,190.986,-15.029,-42,-19,184.043,168.838,15.205,41,19
27.1512,169.980,185.361,-15.381,-47,-18,190.020,174.463,15.557,46,20
27.2430,164.883,179.121,-14.238,-49,-18,195.117,180.791,14.326,52,18
27.3385,160.840,172.969,-12.129,-46,-17,199.160,187.295,11.865,49,17
27.4300,158.643,167.607,-8.965,-40,-17,201.357,192.744,8.613,41,16
27.5187,158.115,163.477,-5.361,-33,-15,201.885,197.051,4.834,33,15
27.6069,159.258,160.225,-0.967,-21,-14,200.742,199.863,0.879,20,14
27.6952,162.070,158.994,3.076,-6,-12,197.930,201.182,-3.252,7,12
27.7873,166.465,158.994,7.471,1,15,193.535,201.094,-7.559,-2,-14
27.8759,171.650,160.137,11.514,18,16,188.350,199.424,-11.074,-17,-17
27.9647,177.627,163.828,13.799,34,16,182.373,195.908,-13.535,-32,-19
28.0528,183.604,168.311,15.293,38,18,176.396,191.250,-14.854,-40,-19
28.1475,189.756,174.199,15.557,48,19,170.244,185.361,-15.117,-48,-19
28.2406,195.029,180.352,14.678,52,17,164.971,179.121,-14.150,-48,-19
28.3361,199.072,186.855,12.217,49,16,160.928,172.881,-11.953,-48,-18
28.4299,201.357,192.568,8.789,42,15,158.643,167.344,-8.701,-40,-16
28.5223,201.885,196.963,4.922,32,14,158.115,162.949,-4.834,-32,-16
28.6174,200.479,199.775,0.703,19,14,159.521,160.137,-0.615,-18,-14
28.7113,197.227,201.006,-3.779,6,12,162.773,159.170,3.604,-3,-14
28.8041,192.656,200.742,-8.086,-2,-15,167.344,159.258,8.086,2,15
28.9144,185.801,198.281,-12.480,-23,-17,174.199,161.543,12.656,24,17
29.0065,179.561,194.326,-14.766,-34,-18,180.439,165.762,14.678,37,18
29.0998,173.232,188.789,-15.557,-44,-19,186.768,171.211,15.557,46,21
29.1940,167.432,182.461,-15.029,-50,-18,192.568,177.451,15.117,50,19
29.2877,162.773,176.133,-13.359,-48,-18,197.227,184.043,13.184,52,17
29.3813,159.609,170.332,-10.723,-43,-17,200.391,190.020,10.371,45,16
29.4735,158.115,165.586,-7.471,-35,-15,201.885,194.941,6.943,36,16
29.5668,158.555,161.455,-2.900,-28,-14,201.445,198.809,2.637,26,15
29.6599,160.752,159.258,1.494,-13,-13,199.248,200.830,-1.582,14,13
29.7539,164.707,158.906,5.801,0,12,195.293,201.182,-5.889,0,-13
29.8477,169.893,159.346,10.547,8,16,190.107,200.215,-10.107,-12,-16
29.9393,175.869,162.598,13.271,31,17,184.131,197.227,-13.096,-28,-17
30.0343,182.285,167.256,15.029,36,19,177.715,192.393,-14.678,-37,-18
30.1269,188.525,172.793,15.732,47,18,171.475,186.592,-15.117,-48,-18
30.2213,194.062,179.033,15.029,50,18,165.938,180.439,-14.502,-49,-18
30.3162,198.369,185.625,12.744,51,16,161.631,174.111,-12.480,-46,-18
30.4115,201.094,191.514,9.580,44,15,158.906,168.398,-9.492,-43,-17
30.5045,201.885,196.172,5.713,35,15,158.115,163.740,-5.625,-35,-16
30.5981,200.918,199.336,1.582,21,13,159.082,160.488,-1.406,-20,-15
30.6916,198.105,200.918,-2.812,9,12,161.895,159.258,2.637,-4,-13
30.7860,193.623,200.918,-7.295,-1,-14,166.377,159.082,7.295,0,15
30.8804,187.998,199.424,-11.426,-16,-16,172.002,160.312,11.689,15,18
30.9726,181.846,195.820,-13.975,-32,-18,178.154,164.092,14.062,34,19
31.0671,175.430,190.635,-15.205,-42,-18,184.570,169.277,15.293,43,19
31.1600,169.453,184.746,-15.293,-47,-18,190.547,175.166,15.381,48,19
31.2551,164.268,178.330,-14.062,-48,-18,195.732,181.758,13.975,53,18
31.3508,160.400,172.178,-11.777,-46,-18,199.600,188.174,11.426,48,16
31.4434,158.379,166.992,-8.613,-37,-16,201.621,193.535,8.086,41,16
31.5366,158.203,162.598,-4.395,-32,-14,201.797,197.842,3.955,31,14
31.6302,159.873,159.697,0.176,-17,-13,200.127,200.391,-0.264,18,13
31.7241,163.301,158.906,4.395,-2,9,196.699,201.270,-4.570,3,-12
31.8188,168.223,158.994,9.229,1,16,191.777,200.742,-8.965,-6,-17
31.9136,174.111,161.279,12.832,26,17,185.889,198.193,-12.305,-23,-17
32.0066,180.439,165.850,14.590,37,18,179.561,193.799,-14.238,-35,-19
32.1018,186.855,171.211,15.645,44,19,173.145,188.174,-15.029,-44,-18
32.1960,192.656,177.188,15.469,46,18,167.344,182.109,-14.766,-49,-19
32.2892,197.314,183.779,13.535,52,17,162.686,175.869,-13.184,-46,-18
32.3832,200.479,189.756,10.723,46,16,159.521,170.068,-10.547,-43,-17
32.4763,201.885,194.941,6.943,37,15,158.115,165.146,-7.031,-35,-16
32.5695,201.445,198.545,2.900,26,14,158.555,161.367,-2.812,-24,-16
32.6626,199.160,200.654,-1.494,13,13,160.840,159.434,1.406,-10,-15
32.7566,195.205,201.006,-5.801,-1,-12,164.795,159.082,5.713,0,12
32.8515,189.844,200.127,-10.283,-10,-16,170.156,159.609,10.547,8,18
32.9447,183.779,197.139,-13.359,-27,-18,176.221,162.686,13.535,30,18
33.0383,177.363,192.480,-15.117,-38,-18,182.637,167.520,15.117,39,19
33.1321,171.211,186.680,-15.469,-46,-18,188.789,173.232,15.557,46,21
33.2256,165.762,180.352,-14.590,-49,-17,194.238,179.648,14.590,53,19
33.3207,161.455,174.111,-12.656,-46,-18,198.545,186.240,12.305,50,17
33.4156,158.818,168.486,-9.668,-41,-17,201.182,191.953,9.229,42,16
33.5091,158.115,163.916,-5.801,-34,-15,201.885,196.523,5.361,33,16
33.6029,159.170,160.400,-1.230,-23,-13,200.830,199.688,1.143,20,15
33.6973,162.158,158.994,3.164,-6,-12,197.842,201.182,-3.340,8,13
33.7901,166.553,158.994,7.559,1,14,193.447,201.094,-7.646,-2,-15
33.8845,172.266,160.312,11.953,19,17,187.734,199.248,-11.514,-19,-18
33.9788,178.594,164.531,14.062,35,17,181.406,195.205,-13.799,-33,-18
34.0724,184.922,169.365,15.557,41,19,175.078,190.107,-15.029,-42,-19
34.1680,190.986,175.605,15.381,49,19,169.014,184.131,-15.117,-46,-19
34.2612,195.996,181.846,14.150,51,17,164.004,177.803,-13.799,-49,-21
34.3549,199.688,187.998,11.689,46,16,160.312,171.826,-11.514,-45,-17
34.4490,201.621,193.535,8.086,41,16,158.379,166.465,-8.086,-38,-17
34.5427,201.709,197.666,4.043,29,15,158.291,162.158,-3.867,-28,-15
34.6369,199.951,200.215,-0.264,17,12,160.049,159.785,0.264,-14,-14
34.7303,196.436,201.006,-4.570,3,-2,163.564,159.258,4.307,0,-13
34.8236,191.514,200.566,-9.053,-5,-15,168.486,159.346,9.141,2,17
34.9191,185.449,198.193,-12.744,-23,-17,174.551,161.543,13.008,25,19
35.0122,179.209,193.887,-14.678,-36,-18,180.791,166.201,14.590,39,19
35.1053,172.881,188.438,-15.557,-43,-19,187.119,171.562,15.557,45,19
35.1988,167.168,182.109,-14.941,-49,-18,192.832,177.715,15.117,49,19
35.2918,162.598,175.869,-13.271,-48,-17,197.402,184.395,13.008,53,17
35.3857,159.434,170.068,-10.635,-43,-17,200.566,190.283,10.283,44,16
35.4806,158.115,165.234,-7.119,-34,-15,201.885,195.293,6.592,36,16
35.5748,158.643,161.191,-2.549,-28,-14,201.357,199.072,2.285,25,14
35.6696,161.104,159.170,1.934,-10,-13,198.896,201.006,-2.109,12,12
35.7640,165.234,158.994,6.240,1,13,194.766,201.182,-6.416,-1,-14
35.8564,170.420,159.521,10.898,10,17,189.580,200.039,-10.459,-13,-16
35.9517,176.748,163.037,13.711,32,16,183.252,196.523,-13.271,-30,-18
36.0452,183.076,167.871,15.205,38,18,176.924,191.777,-14.854,-40,-19
36.1386,189.229,173.672,15.557,48,17,170.771,185.801,-15.029,-49,-17
36.2341,194.678,179.912,14.766,51,17,165.322,179.473,-14.150,-49,-17
36.3276,198.809,186.328,12.480,49,17,161.191,173.320,-12.129,-48,-19
36.4218,201.270,192.129,9.141,43,16,158.730,167.871,-9.141,-41,-18
36.5152,201.885,196.699,5.186,33,15,158.115,163.301,-5.186,-33,-16
36.6079,200.654,199.600,1.055,21,14,159.346,160.312,-0.967,-19,-15
36.7027,197.578,201.006,-3.428,7,13,162.422,159.258,3.164,-3,-14
36.7976,193.008,200.830,-7.822,-2,-15,166.992,159.346,7.646,2,15
36.8919,187.295,199.072,-11.777,-19,-16,172.705,160.576,12.129,18,19
36.9856,180.967,195.205,-14.238,-33,-18,179.033,164.795,14.238,36,19
37.0815,174.463,189.844,-15.381,-42,-19,185.537,170.156,15.381,43,19
37.1753,168.574,183.691,-15.117,-48,-18,191.426,176.133,15.293,49,19
37.2736,163.389,177.188,-13.799,-48,-17,196.611,182.988,13.623,52,16
37.3748,159.785,170.771,-10.986,-43,-16,200.215,189.580,10.635,47,17
37.4696,158.203,165.762,-7.559,-35,-16,201.797,194.678,7.119,37,16
37.5647,158.555,161.631,-3.076,-28,-14,201.445,198.633,2.812,27,14
37.6584,160.752,159.258,1.494,-13,-13,199.248,200.742,-1.494,14,13
37.7527,164.619,158.994,5.625,2,13,195.381,201.182,-5.801,1,-13
37.8476,169.893,159.346,10.547,7,17,190.107,200.215,-10.107,-10,-16
37.9419,176.045,162.598,13.447,32,16,183.955,197.139,-13.184,-28,-17
38.0361,182.461,167.256,15.205,36,19,177.539,192.305,-14.766,-39,-18
38.1290,188.613,172.881,15.732,47,19,171.387,186.504,-15.117,-48,-19
38.2229,194.150,179.121,15.029,49,19,165.850,180.264,-14.414,-50,-18
38.3174,198.457,185.713,12.744,50,17,161.543,174.023,-12.480,-46,-18
38.4103,201.094,191.514,9.580,44,16,158.906,168.486,-9.580,-42,-17
38.5053,201.885,196.260,5.625,34,15,158.115,163.740,-5.625,-35,-16
38.6021,200.830,199.424,1.406,21,13,159.170,160.488,-1.318,-19,-16
38.6970,197.842,200.918,-3.076,8,12,162.158,159.258,2.900,-4,-14
38.7900,193.447,200.830,-7.383,-1,-14,166.553,159.170,7.383,1,15
38.8848,187.734,199.336,-11.602,-17,-17,172.266,160.488,11.777,17,18
38.9793,181.406,195.557,-14.150,-32,-18,178.594,164.531,14.062,35,18
39.0738,174.990,190.283,-15.293,-42,-18,185.010,169.629,15.381,42,20
39.1703,168.838,184.131,-15.293,-47,-18,191.162,175.781,15.381,48,19
39.2656,163.740,177.715,-13.975,-48,-18,196.260,182.461,13.799,53,18
39.3599,160.137,171.650,-11.514,-45,-17,199.863,188.701,11.162,48,16
39.4550,158.291,166.465,-8.174,-36,-16,201.709,193.975,7.734,39,16
39.5490,158.291,162.070,-3.779,-30,-15,201.709,198.193,3.516,30,14
39.6430,160.225,159.521,0.703,-15,-14,199.775,200.654,-0.879,16,13
39.7371,163.916,158.906,5.010,0,12,196.084,201.270,-5.186,1,-13
39.8319,169.014,159.082,9.932,2,17,190.986,200.566,-9.580,-8,-16
39.9255,174.902,161.895,13.008,29,17,185.098,197.754,-12.656,-26,-18
40.0203,181.318,166.553,14.766,37,18,178.682,193.096,-14.414,-36,-19
40.1148,187.734,172.002,15.732,46,19,172.266,187.383,-15.117,-45,-18
40.2075,193.271,177.979,15.293,45,19,166.729,181.318,-14.590,-50,-18
40.3025,197.842,184.570,13.271,51,17,162.158,175.166,-13.008,-45,-18
40.3973,200.830,190.547,10.283,45,16,159.170,169.189,-10.020,-43,-17
40.4901,201.885,195.557,6.328,36,14,158.115,164.443,-6.328,-36,-17
40.5854,201.182,198.984,2.197,23,14,158.818,160.840,-2.021,-23,-15
40.6807,198.457,200.830,-2.373,10,12,161.543,159.258,2.285,-6,-13
40.7732,194.326,200.918,-6.592,-1,-13,165.674,159.082,6.592,0,13
40.8679,188.789,199.775,-10.986,-13,-17,171.211,159.961,11.250,11,17
40.9611,182.637,196.348,-13.711,-30,-17,177.363,163.477,13.887,33,19
41.0543,176.309,191.514,-15.205,-41,-18,183.691,168.486,15.205,41,19
41.1484,170.156,185.537,-15.381,-47,-19,189.844,174.287,15.557,47,20
41.2414,164.971,179.297,-14.326,-49,-18,195.029,180.703,14.326,53,18
41.3354,160.928,173.145,-12.217,-46,-18,199.072,187.119,11.953,49,16
41.4295,158.643,167.695,-9.053,-39,-16,201.357,192.656,8.701,42,16
41.5251,158.115,163.213,-5.098,-32,-15,201.885,197.227,4.658,33,15
41.6195,159.609,159.961,-0.352,-19,-13,200.391,200.127,0.264,19,14
41.7130,162.773,158.906,3.867,-4,-12,197.227,201.270,-4.043,6,2
41.8057,167.432,158.994,8.438,0,16,192.568,200.918,-8.350,-4,-15
41.8992,173.232,160.840,12.393,23,17,186.768,198.721,-11.953,-21,-18
41.9923,179.473,165.146,14.326,36,16,180.527,194.590,-14.062,-34,-17
42.0858,185.801,170.244,15.557,43,19,174.199,189.404,-15.205,-42,-18
42.1798,191.689,176.309,15.381,49,19,168.311,183.340,-15.029,-46,-19
42.2724,196.523,182.549,13.975,51,18,163.477,177.012,-13.535,-50,-18
42.3668,200.039,188.701,11.338,46,16,159.961,171.123,-11.162,-44,-18
42.4585,201.709,194.062,7.646,40,15,158.291,166.113,-7.822,-36,-17
42.5519,201.621,197.930,3.691,28,14,158.379,161.895,-3.516,-27,-15
42.6452,199.688,200.391,-0.703,16,13,160.312,159.609,0.703,-14,-14
42.7399,195.996,201.006,-5.010,1,-12,164.004,159.258,4.746,0,-3
42.8352,190.811,200.479,-9.668,-7,-16,169.189,159.434,9.756,2,17
42.9293,184.834,197.842,-13.008,-25,-17,175.166,161.807,13.359,27,18
43.0236,178.418,193.271,-14.854,-38,-18,181.582,166.641,14.941,39,19
43.1184,172.090,187.559,-15.469,-44,-20,187.910,172.354,15.557,46,21
43.2125,166.465,181.230,-14.766,-49,-18,193.535,178.682,14.854,51,19
43.3068,161.982,174.990,-13.008,-47,-18,198.018,185.361,12.656,52,16
43.4020,159.082,169.189,-10.107,-42,-16,200.918,191.250,9.668,43,17
43.4972,158.115,164.443,-6.328,-35,-15,201.885,196.084,5.801,35,15
43.5918,158.994,160.664,-1.670,-24,-14,201.006,199.512,1.494,21,13
43.6871,161.719,159.082,2.637,-7,-13,198.281,201.094,-2.812,9,12
43.7814,166.113,158.994,7.119,2,13,193.887,201.094,-7.207,-1,-15
43.8732,171.562,159.961,11.602,16,17,188.438,199.600,-11.162,-17,-16
43.9692,177.891,164.004,13.887,34,16,182.109,195.732,-13.623,-33,-18
44.0593,184.043,168.574,15.469,39,18,175.957,190.898,-14.941,-42,-19
44.1536,190.195,174.551,15.645,49,19,169.805,185.010,-15.205,-47,-18
44.2478,195.381,180.879,14.502,51,19,164.619,178.594,-13.975,-48,-18
44.3406,199.248,187.119,12.129,49,16,160.752,172.617,-11.865,-47,-19
44.4342,201.445,192.832,8.613,42,15,158.555,167.256,-8.701,-39,-17
44.5269,201.885,197.051,4.834,31,14,158.115,162.773,-4.658,-31,-16
44.6201,200.391,199.863,0.527,19,13,159.609,160.049,-0.439,-18,-14
44.7140,197.139,201.006,-3.867,6,12,162.861,159.170,3.691,-2,-14
44.8064,192.480,200.830,-8.350,-2,-15,167.520,159.170,8.350,2,16
44.9075,186.240,198.633,-12.393,-22,-17,173.760,161.191,12.568,23,19
45.0025,179.824,194.414,-14.590,-35,-17,180.176,165.674,14.502,38,19
45.0933,173.672,189.141,-15.469,-43,-18,186.328,170.859,15.469,45,19
45.1871,167.871,182.988,-15.117,-49,-18,192.129,176.924,15.205,49,19
45.2805,163.125,176.748,-13.623,-48,-18,196.875,183.516,13.359,52,17
45.3733,159.785,170.859,-11.074,-44,-16,200.215,189.492,10.723,46,15
45.4680,158.203,165.850,-7.646,-34,-16,201.797,194.678,7.119,38,16
45.5621,158.467,161.719,-3.252,-29,-14,201.533,198.633,2.900,27,14
45.6560,160.664,159.346,1.318,-13,-14,199.336,200.742,-1.406,14,13
45.7513,164.531,158.906,5.625,0,12,195.469,201.182,-5.713,1,-13
45.8452,169.805,159.258,10.547,5,17,190.195,200.303,-10.107,-10,-16
45.9392,175.869,162.422,13.447,32,17,184.131,197.227,-13.096,-28,-17
46.0344,182.285,167.168,15.117,37,19,177.715,192.393,-14.678,-38,-19
46.1283,188.613,172.881,15.732,47,19,171.387,186.504,-15.117,-48,-18
46.2223,194.062,179.033,15.029,49,19,165.938,180.352,-14.414,-49,-19
46.3176,198.457,185.625,12.832,51,16,161.543,174.111,-12.568,-46,-19
46.4129,201.094,191.602,9.492,44,17,158.906,168.311,-9.404,-42,-18
46.5066,201.885,196.260,5.625,34,14,158.115,163.740,-5.625,-35,-16
46.6013,200.830,199.424,1.406,21,14,159.170,160.488,-1.318,-20,-16
46.6952,197.930,200.918,-2.988,8,12,162.070,159.258,2.812,-4,-14
46.7891,193.447,200.830,-7.383,0,-14,166.553,159.258,7.295,2,14
46.8836,187.822,199.424,-11.602,-16,-17,172.178,160.400,11.777,16,18
46.9765,181.582,195.732,-14.150,-32,-18,178.418,164.268,14.150,34,19
47.0697,175.254,190.547,-15.293,-42,-19,184.746,169.365,15.381,42,18
47.1643,169.189,184.570,-15.381,-48,-17,190.811,175.342,15.469,48,20
47.2581,164.092,178.242,-14.150,-49,-18,195.908,181.934,13.975,52,17
47.3530,160.400,172.090,-11.689,-45,-16,199.600,188.262,11.338,49,16
47.4468,158.379,166.816,-8.438,-37,-16,201.621,193.623,7.998,40,16
47.5410,158.291,162.510,-4.219,-31,-14,201.709,197.842,3.867,30,14
47.6360,160.049,159.697,0.352,-16,-14,199.951,200.479,-0.527,17,13
47.7306,163.564,158.906,4.658,-2,11,196.436,201.182,-4.746,2,-12
47.8236,168.486,158.994,9.492,1,16,191.514,200.654,-9.141,-7,-16
47.9179,174.463,161.543,12.920,27,17,185.537,198.105,-12.568,-23,-18
48.0120,180.791,166.113,14.678,37,17,179.209,193.623,-14.414,-36,-18
48.1062,187.119,171.475,15.645,45,19,172.881,187.998,-15.117,-44,-18
48.2015,192.920,177.539,15.381,44,19,167.080,181.758,-14.678,-49,-18
48.2955,197.578,184.131,13.447,51,17,162.422,175.605,-13.184,-45,-19
48.3895,200.654,190.020,10.635,45,16,159.346,169.805,-10.459,-42,-18
48.4835,201.885,195.117,6.768,36,14,158.115,164.883,-6.768,-36,-17
48.5760,201.270,198.633,2.637,25,14,158.730,161.104,-2.373,-24,-16
48.6702,198.896,200.654,-1.758,12,13,161.104,159.346,1.758,-8,-14
48.7643,194.766,200.918,-6.152,-1,-13,165.234,159.082,6.152,0,13
48.8573,189.492,200.039,-10.547,-11,-16,170.508,159.785,10.723,8,18
48.9520,183.252,196.875,-13.623,-28,-18,176.748,162.949,13.799,31,20
49.0462,176.836,192.041,-15.205,-40,-18,183.164,167.959,15.205,39,19
49.1398,170.684,186.152,-15.469,-47,-19,189.316,173.760,15.557,46,21
49.2346,165.234,179.824,-14.590,-49,-18,194.766,180.176,14.590,52,18
49.3270,161.279,173.672,-12.393,-46,-18,198.721,186.592,12.129,49,17
49.4212,158.730,168.135,-9.404,-40,-17,201.270,192.305,8.965,42,16
49.5147,158.115,163.652,-5.537,-33,-15,201.885,196.787,5.098,33,15
49.6084,159.346,160.312,-0.967,-21,-14,200.654,199.863,0.791,20,14
49.7020,162.334,158.994,3.340,-5,-12,197.666,201.094,-3.428,6,12
49.7954,166.904,158.994,7.910,1,14,193.096,201.006,-7.910,-3,-16
49.8884,172.529,160.312,12.217,20,17,187.471,199.160,-11.689,-19,-18
49.9816,178.770,164.619,14.150,35,16,181.230,195.029,-13.799,-35,-18
50.0751,185.098,169.453,15.645,41,18,174.902,189.932,-15.029,-43,-19
50.1697,191.162,175.605,15.557,49,19,168.838,183.955,-15.117,-45,-19
50.2645,196.172,181.934,14.238,52,18,163.828,177.539,-13.711,-50,-18
50.3575,199.775,188.174,11.602,46,17,160.225,171.650,-11.426,-45,-18
50.4516,201.709,193.623,8.086,41,15,158.291,166.377,-8.086,-37,-17
50.5453,201.709,197.754,3.955,29,15,158.291,162.070,-3.779,-28,-16
50.6386,199.863,200.215,-0.352,17,13,160.137,159.697,0.439,-14,-14
50.7328,196.348,201.006,-4.658,3,-11,163.652,159.082,4.570,-2,-3
50.8253,191.426,200.566,-9.141,-4,-15,168.574,159.346,9.229,5,17
50.9195,185.449,198.193,-12.744,-23,-17,174.551,161.543,13.008,25,18
51.0143,179.033,193.887,-14.854,-36,-18,180.967,166.289,14.678,40,18
51.1075,172.793,188.350,-15.557,-43,-18,187.207,171.738,15.469,45,19
51.2022,166.992,182.021,-15.029,-49,-17,193.008,177.891,15.117,49,19
51.2956,162.422,175.781,-13.359,-48,-18,197.578,184.570,13.008,52,18
51.3900,159.346,169.893,-10.547,-43,-17,200.654,190.459,10.195,45,17
51.4840,158.115,165.146,-7.031,-35,-16,201.885,195.381,6.504,35,15
51.5770,158.730,161.104,-2.373,-28,-13,201.270,199.072,2.197,25,15
51.6704,161.104,159.170,1.934,-11,-12,198.896,200.918,-2.021,12,14
51.7634,165.146,158.906,6.240,1,13,194.854,201.182,-6.328,1,-15
51.8567,170.508,159.521,10.986,10,17,189.492,200.039,-10.547,-13,-16
51.9509,176.660,163.037,13.623,33,17,183.340,196.611,-13.271,-30,-19
52.0441,182.988,167.695,15.293,37,18,177.012,191.777,-14.766,-40,-18
52.1377,189.141,173.584,15.557,48,19,170.859,185.889,-15.029,-49,-18
52.2321,194.590,179.736,14.854,51,17,165.410,179.736,-14.326,-49,-19
52.3250,198.721,186.152,12.568,48,16,161.279,173.672,-12.393,-47,-18
52.4191,201.182,191.865,9.316,43,15,158.818,168.047,-9.229,-42,-17
52.5121,201.885,196.523,5.361,34,14,158.115,163.477,-5.361,-34,-16
52.6053,200.742,199.512,1.230,20,13,159.258,160.400,-1.143,-19,-14
52.6983,197.842,200.918,-3.076,8,12,162.158,159.258,2.900,-3,-14
52.7912,193.359,200.830,-7.471,-1,-14,166.641,159.258,7.383,1,15
52.8854,187.734,199.336,-11.602,-16,-17,172.266,160.488,11.777,16,19
52.9794,181.406,195.645,-14.238,-33,-18,178.594,164.443,14.150,35,18
53.0732,175.078,190.459,-15.381,-41,-19,184.922,169.541,15.381,42,19
53.1672,169.014,184.395,-15.381,-48,-19,190.986,175.430,15.557,49,20
53.2598,164.004,178.154,-14.150,-49,-18,195.996,182.021,13.975,53,18
53.3536,160.312,172.090,-11.777,-46,-17,199.688,188.350,11.338,48,17
53.4468,158.379,166.816,-8.438,-38,-16,201.621,193.623,7.998,40,15
53.5403,158.203,162.422,-4.219,-31,-14,201.797,197.930,3.867,30,15
53.6347,160.049,159.697,0.352,-16,-14,199.951,200.479,-0.527,17,13
53.7282,163.477,158.906,4.570,-2,11,196.523,201.270,-4.746,3,-13
53.8210,168.311,158.994,9.316,1,16,191.689,200.742,-9.053,-6,-17
53.9115,174.023,161.279,12.744,25,17,185.977,198.281,-12.305,-22,-18
54.0045,180.264,165.762,14.502,37,17,179.736,193.975,-14.238,-35,-19
54.0987,186.680,170.947,15.732,44,19,173.320,188.525,-15.205,-43,-19
54.1911,192.393,176.836,15.557,46,18,167.607,182.549,-14.941,-48,-18
54.2862,197.139,183.516,13.623,52,17,162.861,176.221,-13.359,-47,-19
54.3795,200.391,189.492,10.898,45,16,159.609,170.244,-10.635,-43,-18
54.4735,201.885,194.766,7.119,38,15,158.115,165.234,-7.119,-35,-16
54.5678,201.445,198.545,2.900,27,15,158.555,161.367,-2.812,-24,-16
54.6614,199.160,200.654,-1.494,13,12,160.840,159.434,1.406,-11,-14
54.7551,195.205,201.006,-5.801,-1,-13,164.795,159.082,5.713,0,13
54.8477,190.107,200.215,-10.107,-9,-16,169.893,159.521,10.371,8,17
54.9408,184.043,197.314,-13.271,-26,-17,175.957,162.422,13.535,29,18
55.0370,177.451,192.568,-15.117,-38,-18,182.549,167.432,15.117,39,18
55.1316,171.211,186.768,-15.557,-46,-19,188.789,173.145,15.645,45,20
55.2254,165.762,180.352,-14.590,-50,-17,194.238,179.561,14.678,52,19
55.3208,161.455,174.111,-12.656,-47,-19,198.545,186.152,12.393,50,17
55.4150,158.818,168.486,-9.668,-41,-16,201.182,191.865,9.316,42,16
55.5085,158.115,163.916,-5.801,-34,-15,201.885,196.523,5.361,34,15
55.6031,159.170,160.400,-1.230,-23,-14,200.830,199.775,1.055,21,14
55.6971,162.158,158.994,3.164,-6,-12,197.842,201.182,-3.340,7,12
55.7907,166.641,158.994,7.646,1,14,193.359,201.094,-7.734,-2,-14
55.8856,172.354,160.225,12.129,19,17,187.646,199.248,-11.602,-20,-17
55.9800,178.682,164.531,14.150,36,17,181.318,195.205,-13.887,-33,-18
56.0731,184.922,169.365,15.557,41,18,175.078,190.020,-14.941,-43,-19
56.1686,191.074,175.605,15.469,50,18,168.926,183.955,-15.029,-46,-19
56.2647,196.172,182.021,14.150,51,18,163.828,177.451,-13.623,-49,-18
56.3577,199.775,188.174,11.602,47,17,160.225,171.562,-11.338,-44,-17
56.4522,201.709,193.711,7.998,41,15,158.291,166.289,-7.998,-37,-17
56.5471,201.709,197.842,3.867,29,14,158.291,162.070,-3.779,-28,-15
56.6405,199.863,200.303,-0.439,16,14,160.137,159.609,0.527,-15,-14
56.7363,196.172,201.006,-4.834,2,-12,163.828,159.082,4.746,-1,9
56.8307,191.074,200.566,-9.492,-5,-16,168.926,159.258,9.668,4,17
56.9233,185.186,198.105,-12.920,-24,-18,174.814,161.719,13.096,26,19
57.0190,178.770,193.535,-14.766,-38,-19,181.230,166.465,14.766,39,19
57.1131,172.441,187.822,-15.381,-44,-18,187.559,172.002,15.557,45,20
57.2075,166.729,181.670,-14.941,-48,-18,193.271,178.330,14.941,50,18
57.3028,162.158,175.430,-13.271,-47,-18,197.842,185.010,12.832,51,17
57.3977,159.170,169.541,-10.371,-43,-17,200.830,190.898,9.932,43,16
57.4916,158.115,164.707,-6.592,-36,-15,201.885,195.732,6.152,35,15
57.5866,158.906,160.752,-1.846,-26,-15,201.094,199.336,1.758,23,15
57.6802,161.543,159.082,2.461,-8,-12,198.457,201.006,-2.549,10,14
57.7735,165.674,158.994,6.680,1,14,194.326,201.094,-6.768,-1,-14
57.8675,171.123,159.873,11.250,15,17,188.877,199.600,-10.723,-16,-17
57.9599,177.275,163.564,13.711,33,16,182.725,196.084,-13.359,-31,-17
58.0536,183.604,168.223,15.381,37,18,176.396,191.250,-14.854,-40,-18
58.1481,189.844,174.199,15.645,49,18,170.156,185.273,-15.117,-47,-18
58.2415,195.029,180.352,14.678,52,18,164.971,179.033,-14.062,-48,-18
58.3355,199.072,186.768,12.305,49,16,160.928,172.969,-12.041,-47,-18
58.4300,201.357,192.480,8.877,42,15,158.643,167.432,-8.789,-39,-17
58.5240,201.885,196.875,5.010,32,14,158.115,162.949,-4.834,-31,-16
58.6189,200.391,199.775,0.615,19,14,159.609,160.137,-0.527,-18,-15
58.7124,197.227,201.006,-3.779,7,13,162.773,159.082,3.691,-4,-14
58.8062,192.480,200.830,-8.350,-2,-16,167.520,159.082,8.438,0,16
58.9020,186.592,198.809,-12.217,-21,-18,173.408,160.840,12.568,21,20
58.9956,180.264,194.766,-14.502,-34,-18,179.736,165.234,14.502,37,18
59.0899,173.936,189.404,-15.469,-42,-19,186.064,170.596,15.469,44,19
59.1970,167.256,182.373,-15.117,-50,-18,192.744,177.539,15.205,49,19
59.2906,162.686,176.133,-13.447,-46,-18,197.314,184.131,13.184,51,17
59.3859,159.434,170.332,-10.898,-44,-17,200.566,190.195,10.371,46,16
59.4792,158.115,165.322,-7.207,-35,-16,201.885,195.205,6.680,36,16
59.5725,158.643,161.279,-2.637,-28,-14,201.357,198.984,2.373,26,15
59.6666,161.016,159.258,1.758,-11,-13,198.984,200.918,-1.934,12,12
59.7592,164.971,158.906,6.064,1,13,195.029,201.182,-6.152,-1,-14
59.8530,170.244,159.346,10.898,7,17,189.756,200.039,-10.283,-13,-16
59.9475,176.396,162.773,13.623,32,17,183.604,196.699,-13.096,-29,-18
60.0405,182.725,167.520,15.205,37,18,177.275,192.041,-14.766,-38,-19
60.1343,188.965,173.232,15.732,48,18,171.035,186.064,-15.029,-49,-19
60.2274,194.326,179.385,14.941,50,19,165.674,180.000,-14.326,-49,-19
60.3206,198.545,185.801,12.744,50,17,161.455,173.848,-12.393,-46,-18
60.4138,201.094,191.602,9.492,44,16,158.906,168.311,-9.404,-42,-17
60.5069,201.885,196.260,5.625,34,14,158.115,163.652,-5.537,-35,-16
60.6003,200.830,199.424,1.406,21,14,159.170,160.488,-1.318,-20,-16
60.6932,198.018,200.918,-2.900,8,12,161.982,159.258,2.725,-5,-14
60.7861,193.623,200.918,-7.295,0,-14,166.377,159.082,7.295,0,14
60.8803,187.998,199.512,-11.514,-15,-17,172.002,160.225,11.777,15,19
60.9737,181.758,195.908,-14.150,-31,-19,178.242,164.092,14.150,34,19
61.0669,175.430,190.723,-15.293,-42,-19,184.570,169.277,15.293,43,19
61.1613,169.365,184.658,-15.293,-48,-19,190.635,175.166,15.469,48,20
61.2559,164.180,178.242,-14.062,-49,-18,195.820,181.846,13.975,52,18
61.3517,160.400,172.090,-11.689,-46,-17,199.600,188.174,11.426,48,16
61.4454,158.379,166.904,-8.525,-37,-17,201.621,193.535,8.086,40,16
61.5395,158.203,162.510,-4.307,-31,-15,201.797,197.930,3.867,31,14
61.6335,159.961,159.697,0.264,-16,-13,200.039,200.391,-0.352,17,14
61.7277,163.477,158.906,4.570,-2,11,196.523,201.270,-4.746,3,-13
61.8218,168.398,158.994,9.404,1,17,191.602,200.654,-9.053,-7,-17
61.9170,174.375,161.543,12.832,28,17,185.625,198.018,-12.393,-24,-17
62.0113,180.703,166.113,14.590,37,18,179.297,193.623,-14.326,-35,-19
62.1048,187.031,171.387,15.645,45,18,172.969,188.174,-15.205,-43,-19
62.1980,192.744,177.275,15.469,44,19,167.256,181.934,-14.678,-49,-19
62.2918,197.402,183.867,13.535,52,17,162.598,175.781,-13.184,-46,-19
62.3868,200.566,189.844,10.723,45,16,159.434,169.893,-10.459,-42,-18
62.4819,201.885,195.205,6.680,37,15,158.115,164.795,-6.680,-36,-17
62.5755,201.270,198.721,2.549,25,14,158.730,161.104,-2.373,-24,-15
62.6703,198.896,200.654,-1.758,11,12,161.104,159.346,1.758,-8,-14
62.7643,194.766,200.918,-6.152,-1,-13,165.234,159.082,6.152,0,13
62.8573,189.492,200.127,-10.635,-11,-17,170.508,159.697,10.811,10,18
62.9514,183.340,196.963,-13.623,-29,-17,176.660,162.949,13.711,31,19
63.0438,177.012,192.217,-15.205,-39,-18,182.988,167.783,15.205,39,19
63.1369,170.859,186.328,-15.469,-46,-18,189.141,173.496,15.645,46,19
63.2308,165.498,180.000,-14.502,-50,-19,194.502,180.000,14.502,53,18
63.3237,161.367,173.848,-12.480,-46,-18,198.633,186.328,12.305,50,16
63.4170,158.818,168.311,-9.492,-41,-16,201.182,192.041,9.141,42,16
63.5109,158.115,163.828,-5.713,-34,-14,201.885,196.611,5.273,34,14
63.6038,159.258,160.312,-1.055,-22,-13,200.742,199.863,0.879,21,15
63.6982,162.158,158.994,3.164,-5,-13,197.842,201.182,-3.340,7,12
63.7909,166.641,158.994,7.646,0,14,193.359,201.006,-7.646,-3,-15
63.8855,172.266,160.400,11.865,19,17,187.734,199.160,-11.426,-19,-17
63.9783,178.506,164.443,14.062,34,17,181.494,195.293,-13.799,-33,-18
64.0714,184.834,169.277,15.557,41,18,175.166,190.195,-15.029,-42,-18
64.1649,190.811,175.342,15.469,49,18,169.189,184.219,-15.029,-46,-18
64.2581,195.908,181.494,14.414,52,18,164.092,177.891,-13.799,-49,-17
64.3523,199.600,187.822,11.777,47,16,160.400,171.914,-11.514,-46,-17
64.4460,201.621,193.359,8.262,41,15,158.379,166.641,-8.262,-38,-17
64.5397,201.797,197.490,4.307,30,14,158.203,162.334,-4.131,-29,-15
64.6336,200.039,200.127,-0.088,18,12,159.961,159.785,0.176,-16,-15
64.7258,196.611,201.094,-4.482,5,-3,163.389,159.082,4.307,-3,-13
64.8197,191.777,200.742,-8.965,-3,-15,168.223,159.170,9.053,3,16
64.9135,185.889,198.545,-12.656,-23,-17,174.111,161.367,12.744,24,19
65.0059,179.648,194.238,-14.590,-36,-18,180.352,165.850,14.502,39,19
65.1006,173.232,188.789,-15.557,-43,-19,186.768,171.299,15.469,45,20
65.1932,167.520,182.637,-15.117,-49,-18,192.480,177.275,15.205,49,19
65.2866,162.861,176.396,-13.535,-48,-18,197.139,183.955,13.184,52,17
65.3800,159.609,170.508,-10.898,-44,-17,200.391,189.932,10.459,45,17
65.4733,158.115,165.674,-7.559,-34,-15,201.885,194.854,7.031,37,16
65.5679,158.555,161.543,-2.988,-28,-14,201.445,198.809,2.637,26,14
65.6617,160.840,159.258,1.582,-12,-13,199.160,200.830,-1.670,14,12
65.7554,164.795,158.994,5.801,1,13,195.205,201.182,-5.977,-1,-14
65.8486,169.980,159.346,10.635,7,17,190.020,200.127,-10.107,-12,-16
65.9422,176.045,162.598,13.447,32,16,183.955,197.051,-13.096,-28,-18
66.0355,182.373,167.256,15.117,37,19,177.627,192.305,-14.678,-38,-18
66.1283,188.613,172.793,15.820,47,19,171.387,186.504,-15.117,-48,-19
66.2220,194.062,178.945,15.117,49,19,165.938,180.352,-14.414,-49,-21
66.3131,198.281,185.361,12.920,51,16,161.719,174.287,-12.568,-46,-18
66.4078,201.006,191.338,9.668,44,15,158.994,168.574,-9.580,-42,-18
66.5025,201.885,196.084,5.801,35,14,158.115,163.828,-5.713,-35,-15
66.5958,200.918,199.336,1.582,22,13,159.082,160.576,-1.494,-21,-15
66.6895,198.105,200.918,-2.812,9,12,161.895,159.258,2.637,-4,-14
66.7837,193.799,200.918,-7.119,-1,-14,166.201,159.258,6.943,2,14
66.8772,188.262,199.600,-11.338,-15,-16,171.738,160.225,11.514,14,19
66.9705,182.021,196.084,-14.062,-31,-18,177.979,164.004,13.975,33,18
67.0640,175.693,190.898,-15.205,-42,-18,184.307,169.014,15.293,41,19
67.1575,169.629,185.010,-15.381,-47,-18,190.371,174.902,15.469,48,19
67.2511,164.443,178.682,-14.238,-48,-18,195.557,181.406,14.150,52,19
67.3442,160.664,172.705,-12.041,-46,-18,199.336,187.646,11.689,49,17
67.4381,158.467,167.256,-8.789,-39,-16,201.533,193.184,8.350,41,16
67.5320,158.203,162.861,-4.658,-32,-14,201.797,197.578,4.219,31,15
67.6253,159.785,159.873,-0.088,-18,-13,200.215,200.215,0.000,18,13
67.7197,163.125,158.906,4.219,-3,0,196.875,201.270,-4.395,4,-11
67.8143,167.959,158.994,8.965,0,16,192.041,200.830,-8.789,-5,-15
67.9072,173.760,161.104,12.656,25,17,186.240,198.457,-12.217,-22,-17
68.0021,180.088,165.586,14.502,36,17,179.912,194.062,-14.150,-35,-18
68.0966,186.504,170.947,15.557,45,19,173.496,188.613,-15.117,-43,-19
68.1907,192.305,176.924,15.381,45,20,167.695,182.461,-14.766,-48,-18
68.2857,197.139,183.428,13.711,51,17,162.861,176.133,-13.271,-46,-18
68.3797,200.391,189.492,10.898,46,17,159.609,170.332,-10.723,-43,-18
68.4735,201.885,194.678,7.207,37,15,158.115,165.234,-7.119,-36,-16
68.5682,201.445,198.545,2.900,27,14,158.555,161.367,-2.812,-25,-15
68.6617,199.160,200.654,-1.494,14,13,160.840,159.434,1.406,-10,-14
68.7557,195.205,201.006,-5.801,-1,-12,164.795,159.082,5.713,0,13
68.8503,189.932,200.215,-10.283,-9,-16,170.068,159.521,10.547,8,18
68.9433,183.867,197.314,-13.447,-27,-18,176.133,162.598,13.535,30,19
69.0368,177.539,192.568,-15.029,-39,-18,182.461,167.432,15.029,39,18
69.1313,171.211,186.768,-15.557,-46,-19,188.789,173.145,15.645,45,20
69.2235,165.850,180.527,-14.678,-49,-18,194.150,179.385,14.766,52,19
69.3189,161.543,174.287,-12.744,-47,-18,198.457,186.064,12.393,51,17
69.4124,158.906,168.662,-9.756,-41,-17,201.094,191.777,9.316,43,16
69.5067,158.115,164.004,-5.889,-34,-15,201.885,196.436,5.449,33,15
69.6012,159.170,160.400,-1.230,-23,-13,200.830,199.688,1.143,21,14
69.6942,162.070,158.994,3.076,-6,-13,197.930,201.182,-3.252,7,12
69.7879,166.465,158.994,7.471,1,14,193.535,201.094,-7.559,-2,-14
69.8818,172.090,160.137,11.953,18,17,187.910,199.248,-11.338,-19,-17
69.9749,178.330,164.268,14.062,35,17,181.670,195.381,-13.711,-33,-18
70.0697,184.746,169.277,15.469,41,18,175.254,190.195,-14.941,-42,-18
70.1637,190.723,175.254,15.469,49,18,169.277,184.307,-15.029,-46,-18
70.2569,195.820,181.494,14.326,51,18,164.180,177.891,-13.711,-49,-18
70.3506,199.512,187.734,11.777,47,16,160.488,172.002,-11.514,-45,-17
70.4431,201.621,193.184,8.438,42,14,158.379,166.816,-8.438,-38,-16
70.5362,201.797,197.402,4.395,30,15,158.203,162.510,-4.307,-29,-15
70.6289,200.127,200.039,0.088,18,14,159.873,159.873,0.000,-16,-14
70.7225,196.787,201.006,-4.219,4,8,163.213,159.082,4.131,-3,-13
70.8170,191.865,200.742,-8.877,-3,-15,168.135,159.170,8.965,2,16
70.9090,186.152,198.545,-12.393,-22,-17,173.848,161.191,12.656,23,18
71.0035,179.824,194.326,-14.502,-36,-18,180.176,165.674,14.502,38,17
71.0988,173.320,188.789,-15.469,-43,-18,186.680,171.211,15.469,45,19
71.1920,167.607,182.725,-15.117,-48,-17,192.393,177.188,15.205,48,20
71.2872,162.773,176.309,-13.535,-48,-18,197.227,183.955,13.271,52,17
71.3809,159.609,170.420,-10.811,-43,-17,200.391,189.932,10.459,45,16
71.4746,158.115,165.586,-7.471,-34,-16,201.885,194.941,6.943,37,15
71.5703,158.643,161.455,-2.812,-28,-14,201.357,198.896,2.461,26,14
71.6652,160.928,159.258,1.670,-12,-13,199.072,200.918,-1.846,13,13
71.7567,164.883,158.994,5.889,1,12,195.117,201.182,-6.064,1,-14
71.8484,169.980,159.346,10.635,6,17,190.020,200.127,-10.107,-12,-16
71.9397,175.869,162.510,13.359,31,16,184.131,197.051,-12.920,-28,-17
72.0348,182.373,167.256,15.117,37,19,177.627,192.305,-14.678,-37,-18
72.1258,188.438,172.705,15.732,47,19,171.562,186.680,-15.117,-47,-19
72.2170,193.799,178.682,15.117,48,18,166.201,180.703,-14.502,-50,-18
72.3107,198.193,185.186,13.008,51,16,161.807,174.463,-12.656,-46,-17
72.4052,200.918,190.986,9.932,44,16,159.082,168.750,-9.668,-43,-17
72.4981,201.885,195.820,6.064,35,15,158.115,164.092,-5.977,-36,-16
72.5912,201.006,199.072,1.934,22,14,158.994,160.752,-1.758,-21,-15
72.6850,198.281,200.830,-2.549,9,12,161.719,159.346,2.373,-5,-14
72.7789,193.975,200.918,-6.943,-1,-13,166.025,159.258,6.768,0,14
72.8727,188.525,199.688,-11.162,-14,-16,171.475,160.049,11.426,12,19
72.9676,182.197,196.172,-13.975,-31,-18,177.803,163.916,13.887,34,19
73.0596,175.957,191.162,-15.205,-41,-19,184.043,168.838,15.205,41,19
73.1531,169.893,185.361,-15.469,-47,-19,190.107,174.551,15.557,47,20
73.2456,164.707,179.033,-14.326,-49,-17,195.293,181.055,14.238,53,18
73.3396,160.840,172.881,-12.041,-47,-17,199.160,187.383,11.777,49,16
73.4335,158.555,167.520,-8.965,-39,-16,201.445,192.920,8.525,41,16
73.5266,158.115,163.213,-5.098,-31,-14,201.885,197.314,4.570,32,15
73.6197,159.609,160.049,-0.439,-19,-13,200.391,200.127,0.264,19,14
73.7136,162.861,158.906,3.955,-5,-12,197.139,201.270,-4.131,6,2
73.8057,167.432,158.994,8.438,1,15,192.568,200.918,-8.350,-4,-16
73.8990,173.232,160.752,12.480,23,16,186.768,198.721,-11.953,-21,-18
73.9908,179.385,165.059,14.326,36,17,180.615,194.590,-13.975,-34,-18
74.0849,185.713,170.068,15.645,42,19,174.287,189.316,-15.029,-43,-19
74.1768,191.514,176.045,15.469,49,18,168.486,183.428,-14.941,-47,-19
74.2696,196.436,182.285,14.150,51,16,163.564,177.100,-13.535,-49,-18
74.3627,199.951,188.438,11.514,46,15,160.049,171.299,-11.250,-44,-17
74.4569,201.709,193.887,7.822,40,15,158.291,166.113,-7.822,-37,-18
74.5523,201.621,198.018,3.604,28,14,158.379,161.807,-3.428,-27,-15
74.6476,199.600,200.391,-0.791,15,12,160.400,159.521,0.879,-13,-14
74.7418,195.908,201.006,-5.098,2,-12,164.092,159.082,5.010,-2,12
74.8366,190.723,200.479,-9.756,-6,-15,169.277,159.434,9.844,6,18
74.9316,184.658,197.842,-13.184,-25,-17,175.342,162.070,13.271,27,19
75.0251,178.330,193.271,-14.941,-37,-18,181.670,166.904,14.766,39,18
75.1204,171.914,187.471,-15.557,-45,-18,188.086,172.529,15.557,45,19
75.2141,166.377,181.143,-14.766,-50,-17,193.623,178.770,14.854,50,18
75.3093,161.895,174.814,-12.920,-47,-18,198.105,185.449,12.656,51,17
75.4050,159.082,169.102,-10.020,-42,-17,200.918,191.250,9.668,43,17
75.4986,158.115,164.443,-6.328,-34,-14,201.885,195.996,5.889,34,15
75.5919,158.994,160.752,-1.758,-24,-14,201.006,199.424,1.582,22,14
75.6868,161.719,159.170,2.549,-7,-13,198.281,201.006,-2.725,8,13
75.7795,166.025,158.994,7.031,0,13,193.975,201.094,-7.119,-1,-15
75.8734,171.562,159.961,11.602,15,17,188.438,199.512,-11.074,-16,-17
75.9688,177.891,163.916,13.975,34,16,182.109,195.732,-13.623,-32,-19
76.0619,184.219,168.750,15.469,40,18,175.781,190.723,-14.941,-42,-18
76.1564,190.283,174.814,15.469,49,18,169.717,184.834,-15.117,-46,-19
76.2524,195.645,181.230,14.414,51,17,164.355,178.242,-13.887,-49,-18
76.3460,199.424,187.383,12.041,47,17,160.576,172.354,-11.777,-46,-18
76.4397,201.533,193.096,8.438,42,14,158.467,166.992,-8.525,-39,-16
76.5351,201.797,197.402,4.395,30,15,158.203,162.422,-4.219,-29,-15
76.6295,200.127,200.039,0.088,18,13,159.873,159.873,0.000,-16,-14
76.7232,196.787,201.006,-4.219,4,8,163.213,159.170,4.043,-2,-13
76.8186,191.777,200.742,-8.965,-3,-16,168.223,159.258,8.965,4,15
76.9128,185.889,198.545,-12.656,-22,-17,174.111,161.367,12.744,23,18
77.0070,179.561,194.238,-14.678,-36,-18,180.439,165.850,14.590,38,18
77.1024,173.057,188.613,-15.557,-43,-18,186.943,171.387,15.557,45,20
77.1970,167.256,182.373,-15.117,-49,-17,192.744,177.451,15.293,49,19
77.2906,162.686,176.133,-13.447,-48,-17,197.314,184.219,13.096,53,17
77.3859,159.434,170.156,-10.723,-44,-16,200.566,190.195,10.371,45,17
77.4808,158.115,165.234,-7.119,-35,-16,201.885,195.205,6.680,36,16
77.5747,158.643,161.191,-2.549,-28,-13,201.357,198.984,2.373,25,14
77.6696,161.104,159.170,1.934,-10,-12,198.896,200.918,-2.021,12,13
77.7629,165.146,158.906,6.240,0,14,194.854,201.182,-6.328,-1,-13
77.8565,170.508,159.434,11.074,8,17,189.492,200.039,-10.547,-13,-16
77.9524,176.748,162.949,13.799,33,17,183.252,196.523,-13.271,-30,-18
78.0461,183.164,167.783,15.381,38,18,176.836,191.689,-14.854,-40,-18
78.1407,189.316,173.584,15.732,47,19,170.684,185.713,-15.029,-49,-18
78.2325,194.590,179.736,14.854,51,18,165.410,179.736,-14.326,-48,-19
78.3259,198.721,186.152,12.568,49,16,161.279,173.496,-12.217,-48,-18
78.4205,201.270,191.865,9.404,43,15,158.730,167.959,-9.229,-41,-17
78.5149,201.885,196.611,5.273,33,14,158.115,163.301,-5.186,-33,-16
78.6089,200.654,199.600,1.055,20,13,159.346,160.225,-0.879,-20,-15
78.7034,197.578,200.918,-3.340,7,12,162.422,159.170,3.252,-4,-13
78.7973,193.008,200.830,-7.822,-1,-14,166.992,159.170,7.822,2,15
78.8907,187.383,199.248,-11.865,-18,-17,172.617,160.576,12.041,17,19
78.9853,180.967,195.293,-14.326,-34,-17,179.033,164.619,14.414,35,18
79.0793,174.639,190.107,-15.469,-42,-19,185.361,169.893,15.469,43,19
79.1735,168.662,183.955,-15.293,-48,-18,191.338,175.957,15.381,49,21
79.2653,163.740,177.715,-13.975,-48,-18,196.260,182.461,13.799,53,18
79.3564,160.312,171.826,-11.514,-45,-17,199.688,188.438,11.250,48,16
79.4481,158.379,166.729,-8.350,-37,-16,201.621,193.711,7.910,40,15
79.5423,158.291,162.422,-4.131,-30,-14,201.709,197.930,3.779,30,14
79.6337,159.961,159.785,0.176,-16,-13,200.039,200.303,-0.264,16,14
79.7273,163.477,158.994,4.482,-2,3,196.523,201.182,-4.658,3,-13
79.8209,168.311,158.994,9.316,0,17,191.689,200.654,-8.965,-6,-16
79.9152,174.287,161.367,12.920,26,15,185.713,198.193,-12.480,-23,-18
80.0086,180.527,165.850,14.678,36,18,179.473,193.799,-14.326,-35,-19
80.1033,186.943,171.211,15.732,45,19,173.057,188.174,-15.117,-43,-19
80.1970,192.744,177.275,15.469,45,19,167.256,182.021,-14.766,-49,-19
80.2917,197.402,183.867,13.535,52,17,162.598,175.869,-13.271,-46,-19
80.3871,200.566,189.932,10.635,45,16,159.434,169.805,-10.371,-43,-17
80.4819,201.885,195.117,6.768,36,15,158.115,164.795,-6.680,-36,-16
80.5760,201.270,198.721,2.549,25,13,158.730,161.104,-2.373,-23,-16
80.6706,198.809,200.654,-1.846,12,12,161.191,159.434,1.758,-7,-15
80.7649,194.766,200.918,-6.152,-1,-12,165.234,159.258,5.977,0,13
80.8588,189.404,200.039,-10.635,-11,-16,170.596,159.785,10.811,8,18
80.9534,183.164,196.787,-13.623,-29,-18,176.836,163.037,13.799,31,19
81.0482,176.748,191.953,-15.205,-39,-18,183.252,168.047,15.205,40,19
81.1422,170.596,186.152,-15.557,-47,-18,189.404,173.760,15.645,46,20
81.2366,165.146,179.736,-14.590,-49,-17,194.854,180.264,14.590,52,19
81.3320,161.104,173.320,-12.217,-47,-17,198.896,186.855,12.041,49,17
81.4264,158.643,167.871,-9.229,-39,-16,201.357,192.480,8.877,42,15
81.5204,158.115,163.477,-5.361,-32,-15,201.885,197.051,4.834,33,15
81.6142,159.434,160.137,-0.703,-20,-14,200.566,199.951,0.615,19,14
81.7070,162.598,158.906,3.691,-5,-12,197.402,201.182,-3.779,6,14
81.8023,167.256,158.994,8.262,2,16,192.744,201.006,-8.262,-3,-16
81.8966,173.057,160.664,12.393,22,18,186.943,198.896,-11.953,-20,-18
81.9906,179.385,165.059,14.326,36,17,180.615,194.678,-14.062,-34,-18
82.0849,185.713,170.156,15.557,42,19,174.287,189.316,-15.029,-43,-19
82.1797,191.689,176.221,15.469,48,20,168.311,183.252,-14.941,-46,-18
82.2743,196.611,182.637,13.975,52,16,163.389,176.924,-13.535,-49,-19
82.3698,200.127,188.877,11.250,46,16,159.873,170.947,-11.074,-43,-18
82.4651,201.797,194.326,7.471,39,16,158.203,165.762,-7.559,-36,-16
82.5587,201.533,198.193,3.340,27,15,158.467,161.719,-3.252,-27,-16
82.6531,199.424,200.479,-1.055,15,13,160.576,159.521,1.055,-12,-15
82.7473,195.645,200.918,-5.273,0,-13,164.355,159.082,5.273,-1,12
82.8406,190.547,200.479,-9.932,-6,-16,169.453,159.521,9.932,6,17
82.9363,184.307,197.666,-13.359,-26,-18,175.693,162.246,13.447,27,18
83.0305,177.979,193.096,-15.117,-37,-18,182.021,166.992,15.029,39,19
83.1233,171.738,187.383,-15.645,-45,-19,188.262,172.617,15.645,46,20
83.2189,166.113,180.879,-14.766,-49,-17,193.887,179.121,14.766,52,18
83.3137,161.719,174.551,-12.832,-48,-19,198.281,185.713,12.568,51,17
83.4072,158.994,168.926,-9.932,-41,-17,201.006,191.514,9.492,43,16
83.5010,158.115,164.268,-6.152,-34,-16,201.885,196.172,5.713,34,14
83.5937,158.994,160.664,-1.670,-24,-14,201.006,199.512,1.494,21,14
83.6883,161.807,159.082,2.725,-7,-13,198.193,201.006,-2.812,8,14
83.7817,166.113,158.994,7.119,2,14,193.887,201.006,-7.119,-1,-15
83.8752,171.650,159.961,11.689,16,17,188.350,199.512,-11.162,-17,-17
83.9694,177.979,163.916,14.062,34,17,182.021,195.732,-13.711,-32,-19
84.0633,184.307,168.750,15.557,40,19,175.693,190.635,-14.941,-42,-19
84.1574,190.371,174.727,15.645,49,19,169.629,184.746,-15.117,-47,-19
84.2544,195.732,181.230,14.502,51,18,164.268,178.154,-13.887,-49,-19
84.3497,199.512,187.646,11.865,47,16,160.488,172.002,-11.514,-46,-18
84.4439,201.621,193.271,8.350,41,15,158.379,166.729,-8.350,-38,-17
84.5379,201.797,197.490,4.307,30,14,158.203,162.422,-4.219,-29,-16
84.6316,200.039,200.127,-0.088,18,13,159.961,159.785,0.176,-16,-14
84.7255,196.611,201.094,-4.482,5,0,163.389,159.170,4.219,-2,-13
84.8202,191.689,200.742,-9.053,-3,-15,168.311,159.258,9.053,4,16
84.9138,185.801,198.457,-12.656,-22,-17,174.199,161.367,12.832,24,19
85.0078,179.473,194.238,-14.766,-36,-19,180.527,165.938,14.590,39,18
85.1031,173.057,188.613,-15.557,-43,-19,186.943,171.475,15.469,45,20
85.1968,167.344,182.373,-15.029,-49,-18,192.656,177.539,15.117,48,19
85.2900,162.686,176.133,-13.447,-47,-18,197.314,184.131,13.184,52,17
85.3848,159.521,170.244,-10.723,-43,-17,200.479,190.107,10.371,45,16
85.4787,158.115,165.410,-7.295,-34,-15,201.885,195.117,6.768,36,15
85.5725,158.643,161.367,-2.725,-28,-15,201.357,198.809,2.549,26,15
85.6667,161.016,159.258,1.758,-11,-14,198.984,200.830,-1.846,13,13
85.7603,165.059,158.994,6.064,2,13,194.941,201.182,-6.240,1,-13
85.8540,170.332,159.346,10.986,7,17,189.668,200.127,-10.459,-12,-17
85.9484,176.484,162.861,13.623,33,18,183.516,196.699,-13.184,-30,-18
86.0412,182.812,167.520,15.293,37,18,177.188,191.953,-14.766,-39,-18
86.1363,189.053,173.408,15.645,48,19,170.947,186.064,-15.117,-48,-18
86.2313,194.590,179.736,14.854,51,18,165.410,179.824,-14.414,-49,-19
86.3253,198.721,186.152,12.568,49,17,161.279,173.584,-12.305,-47,-18
86.4205,201.270,191.953,9.316,43,16,158.730,167.959,-9.229,-42,-17
86.5145,201.885,196.611,5.273,33,15,158.115,163.301,-5.186,-33,-16
86.6085,200.654,199.600,1.055,20,13,159.346,160.225,-0.879,-20,-14
86.7030,197.578,200.918,-3.340,7,12,162.422,159.170,3.252,-3,-13
86.7972,193.008,200.830,-7.822,-1,-14,166.992,159.258,7.734,2,15
86.8908,187.383,199.248,-11.865,-17,-17,172.617,160.576,12.041,17,18
86.9856,180.967,195.293,-14.326,-34,-18,179.033,164.707,14.326,36,18
87.0805,174.551,189.932,-15.381,-42,-19,185.449,170.068,15.381,43,20
87.1739,168.662,183.955,-15.293,-48,-19,191.338,175.957,15.381,50,20
87.2691,163.564,177.451,-13.887,-49,-18,196.436,182.549,13.887,52,18
87.3637,160.049,171.387,-11.338,-44,-18,199.951,188.877,11.074,48,16
87.4564,158.291,166.377,-8.086,-36,-16,201.709,194.062,7.646,39,15
87.5518,158.379,162.070,-3.691,-30,-14,201.621,198.281,3.340,29,14
87.6456,160.312,159.521,0.791,-14,-13,199.688,200.566,-0.879,16,13
87.7393,164.004,158.994,5.010,0,12,195.996,201.182,-5.186,1,-13
87.8335,169.102,159.170,9.932,3,17,190.898,200.479,-9.580,-9,-16
87.9283,175.166,161.982,13.184,29,18,184.834,197.754,-12.920,-25,-18
88.0218,181.494,166.553,14.941,37,18,178.506,193.096,-14.590,-37,-18
88.1175,187.910,172.178,15.732,47,20,172.090,187.207,-15.117,-46,-19
88.2117,193.535,178.330,15.205,47,19,166.465,180.967,-14.502,-49,-18
88.3058,197.930,184.922,13.008,51,17,162.070,174.902,-12.832,-44,-18
88.4009,200.830,190.811,10.020,44,16,159.170,169.014,-9.844,-43,-17
88.4950,201.885,195.732,6.152,35,15,158.115,164.268,-6.152,-35,-16
88.5886,201.094,198.984,2.109,22,14,158.906,160.840,-1.934,-21,-15
88.6833,198.369,200.742,-2.373,10,13,161.631,159.346,2.285,-6,-15
88.7765,194.150,200.918,-6.768,0,-14,165.850,159.346,6.504,2,14
88.8708,188.613,199.775,-11.162,-14,-16,171.387,159.961,11.426,10,18
88.9653,182.373,196.348,-13.975,-30,-19,177.627,163.652,13.975,33,18
89.0594,175.957,191.162,-15.205,-42,-19,184.043,168.662,15.381,41,18
89.1546,169.805,185.273,-15.469,-47,-19,190.195,174.639,15.557,48,19
89.2477,164.619,178.945,-14.326,-49,-19,195.381,181.143,14.238,53,18
89.3413,160.752,172.793,-12.041,-46,-17,199.248,187.471,11.777,49,17
89.4366,158.467,167.432,-8.965,-38,-16,201.533,193.008,8.525,41,16
89.5313,158.203,162.861,-4.658,-32,-15,201.797,197.490,4.307,32,14
89.6255,159.785,159.873,-0.088,-18,-14,200.215,200.215,0.000,18,14
89.7199,163.125,158.906,4.219,-3,2,196.875,201.182,-4.307,4,-9
89.8144,167.959,158.994,8.965,1,17,192.041,200.742,-8.701,-5,-16
89.9090,173.848,161.104,12.744,25,18,186.152,198.457,-12.305,-22,-17
90.0037,180.176,165.586,14.590,36,17,179.824,194.062,-14.238,-35,-17
90.0984,186.680,170.947,15.732,45,18,173.320,188.613,-15.293,-43,-19
90.1925,192.480,176.924,15.557,45,21,167.520,182.461,-14.941,-48,-19
90.2871,197.227,183.516,13.711,52,16,162.773,176.133,-13.359,-47,-18
90.3817,200.391,189.668,10.723,45,16,159.609,170.156,-10.547,-43,-18
90.4748,201.885,194.766,7.119,37,15,158.115,165.234,-7.119,-35,-17
90.5704,201.357,198.457,2.900,25,14,158.643,161.367,-2.725,-24,-16
90.6644,199.072,200.566,-1.494,13,13,160.928,159.434,1.494,-11,-14
90.7581,195.117,201.006,-5.889,-1,-14,164.883,159.170,5.713,0,12
90.8535,189.756,200.127,-10.371,-10,-16,170.244,159.609,10.635,6,18
90.9487,183.516,197.051,-13.535,-27,-18,176.484,162.773,13.711,30,19
91.0423,177.100,192.305,-15.205,-39,-19,182.900,167.607,15.293,39,19
91.1366,170.859,186.504,-15.645,-46,-19,189.141,173.408,15.732,46,20
91.2315,165.410,180.000,-14.590,-50,-18,194.590,180.000,14.590,53,19
91.3256,161.279,173.760,-12.480,-47,-19,198.721,186.504,12.217,49,17
91.4205,158.730,168.135,-9.404,-41,-17,201.270,192.217,9.053,42,16
91.5142,158.115,163.652,-5.537,-32,-15,201.885,196.787,5.098,33,15
91.6083,159.346,160.225,-0.879,-21,-14,200.654,199.863,0.791,20,14
91.7031,162.422,158.994,3.428,-5,-12,197.578,201.094,-3.516,5,12
91.7974,166.992,158.906,8.086,0,15,193.008,201.006,-7.998,-2,-15
91.8888,172.529,160.312,12.217,20,17,187.471,199.160,-11.689,-19,-18
91.9844,178.945,164.619,14.326,35,17,181.055,195.029,-13.975,-34,-18
92.0783,185.273,169.629,15.645,42,19,174.727,189.756,-15.029,-43,-18
92.1728,191.338,175.781,15.557,50,19,168.662,183.779,-15.117,-45,-19
92.2652,196.172,182.021,14.150,52,17,163.828,177.539,-13.711,-48,-18
92.3592,199.775,188.262,11.514,47,17,160.225,171.475,-11.250,-45,-18
92.4532,201.709,193.711,7.998,41,16,158.291,166.289,-7.998,-37,-17
92.5492,201.709,197.842,3.867,29,14,158.291,161.982,-3.691,-27,-15
92.6411,199.775,200.303,-0.527,17,14,160.225,159.697,0.527,-14,-14
92.7384,196.084,201.094,-5.010,3,-12,163.916,159.082,4.834,-2,9
92.8344,190.898,200.566,-9.668,-5,-16,169.102,159.434,9.668,5,16
92.9275,184.922,197.930,-13.008,-24,-19,175.078,161.807,13.271,26,18
93.0189,178.770,193.623,-14.854,-37,-18,181.230,166.377,14.854,39,18
93.1112,172.529,188.086,-15.557,-44,-19,187.471,171.826,15.645,46,20
93.2075,166.729,181.758,-15.029,-49,-18,193.271,178.242,15.029,50,19
93.3058,162.070,175.166,-13.096,-48,-19,197.930,185.186,12.744,52,17
93.4061,158.994,169.014,-10.020,-41,-16,201.006,191.426,9.580,43,16
93.5008,158.115,164.443,-6.328,-34,-16,201.885,196.084,5.801,34,15
93.5956,159.082,160.664,-1.582,-25,-13,200.918,199.424,1.494,21,14
93.6889,161.807,159.082,2.725,-7,-13,198.193,201.006,-2.812,9,12
93.7833,166.201,158.994,7.207,1,14,193.799,201.006,-7.207,-2,-14
93.8768,171.738,159.961,11.777,16,17,188.262,199.512,-11.250,-17,-18
93.9698,177.979,163.916,14.062,35,17,182.021,195.732,-13.711,-32,-18
94.0645,184.395,168.750,15.645,40,19,175.605,190.635,-15.029,-42,-19
94.1586,190.459,174.814,15.645,49,18,169.541,184.658,-15.117,-46,-18
94.2536,195.645,181.318,14.326,52,17,164.355,178.154,-13.799,-49,-18
94.3485,199.512,187.646,11.865,47,16,160.488,172.178,-11.689,-46,-17
94.4429,201.533,193.184,8.350,42,16,158.467,166.904,-8.438,-38,-17
94.5361,201.797,197.490,4.307,30,14,158.203,162.510,-4.307,-29,-16
94.6313,200.127,200.127,0.000,17,13,159.873,159.873,0.000,-15,-14
94.7260,196.611,201.006,-4.395,4,7,163.389,159.258,4.131,0,-13
94.8420,190.459,200.391,-9.932,-7,-16,169.541,159.434,10.107,4,18
94.9318,184.658,198.018,-13.359,-23,-18,175.342,161.807,13.535,25,18
95.0269,178.154,193.447,-15.293,-38,-19,181.846,166.553,15.293,40,20
95.1254,171.650,187.295,-15.645,-46,-18,188.350,172.705,15.645,47,20
95.2385,165.059,179.473,-14.414,-50,-18,194.941,180.527,14.414,53,17
95.3402,160.752,173.057,-12.305,-44,-18,199.248,187.207,12.041,47,17
95.4371,158.467,167.520,-9.053,-39,-17,201.533,192.920,8.613,42,15
95.5240,158.115,163.301,-5.186,-34,-16,201.885,197.139,4.746,33,14
95.6327,159.961,159.697,0.264,-17,-14,200.039,200.303,-0.264,18,13
95.7202,163.125,158.906,4.219,-2,-6,196.875,201.270,-4.395,5,-9
95.8078,167.607,158.994,8.613,2,16,192.393,200.918,-8.525,-4,-16
95.8956,172.969,160.576,12.393,21,17,187.031,198.984,-11.953,-20,-18
95.9827,178.857,164.619,14.238,35,17,181.143,195.117,-13.975,-34,-18
96.0721,184.922,169.365,15.557,42,19,175.078,190.107,-15.029,-42,-19
96.1596,190.547,174.990,15.557,49,18,169.453,184.658,-15.205,-46,-18
96.2466,195.293,180.791,14.502,52,18,164.707,178.770,-14.062,-48,-18
96.3335,198.984,186.768,12.217,49,16,161.016,173.057,-12.041,-48,-18
96.4214,201.270,192.041,9.229,42,16,158.730,167.959,-9.229,-41,-17
96.5083,201.885,196.348,5.537,34,15,158.115,163.652,-5.537,-35,-16
96.5969,200.918,199.248,1.670,22,13,159.082,160.576,-1.494,-21,-14
96.6850,198.281,200.742,-2.461,9,12,161.719,159.258,2.461,-6,-14
96.7721,194.414,200.918,-6.504,1,-14,165.586,159.170,6.416,0,14
96.8613,189.229,199.951,-10.723,-12,-17,170.771,159.785,10.986,8,19
96.9496,183.428,197.051,-13.623,-28,-17,176.572,162.773,13.799,31,19
97.0380,177.451,192.568,-15.117,-38,-18,182.549,167.432,15.117,40,19
97.1253,171.650,187.207,-15.557,-45,-19,188.350,172.793,15.557,45,19
97.2140,166.377,181.230,-14.854,-49,-19,193.623,178.770,14.854,51,19
97.3130,161.719,174.639,-12.920,-47,-17,198.281,185.537,12.744,50,17
97.4138,158.906,168.662,-9.756,-41,-17,201.094,191.777,9.316,43,16
97.5019,158.115,164.268,-6.152,-34,-16,201.885,196.172,5.713,34,15
97.5948,159.082,160.576,-1.494,-24,-13,200.918,199.512,1.406,21,13
97.6830,161.631,159.082,2.549,-8,-12,198.369,201.006,-2.637,10,13
97.7728,165.674,158.994,6.680,1,13,194.326,201.094,-6.768,1,-15
97.8595,170.684,159.521,11.162,11,17,189.316,199.863,-10.547,-13,-17
97.9510,176.660,163.037,13.623,33,17,183.340,196.611,-13.271,-30,-18
98.0403,182.725,167.520,15.205,37,17,177.275,192.041,-14.766,-39,-17
98.1279,188.525,172.793,15.732,46,19,171.475,186.592,-15.117,-47,-18
98.2156,193.711,178.418,15.293,47,19,166.289,180.879,-14.590,-49,-18
98.3037,197.842,184.570,13.271,51,17,162.158,175.166,-13.008,-45,-19
98.3911,200.654,190.195,10.459,45,16,159.346,169.629,-10.283,-43,-17
98.4819,201.885,195.029,6.855,36,16,158.115,164.883,-6.768,-35,-16
98.5691,201.445,198.457,2.988,26,14,158.555,161.367,-2.812,-24,-16
98.6563,199.336,200.479,-1.143,15,13,160.664,159.521,1.143,-12,-14
98.7437,195.820,201.006,-5.186,2,-12,164.180,159.170,5.010,-1,12
98.8316,191.074,200.566,-9.492,-5,-16,168.926,159.434,9.492,3,16
98.9191,185.449,198.281,-12.832,-23,-17,174.551,161.455,13.096,24,19
99.0068,179.561,194.326,-14.766,-35,-19,180.439,165.762,14.678,39,19
99.0963,173.496,189.053,-15.557,-43,-18,186.504,170.947,15.557,45,19
99.1861,167.959,183.076,-15.117,-49,-19,192.041,176.660,15.381,49,20
99.2742,163.389,177.188,-13.799,-48,-17,196.611,182.988,13.623,53,17
99.3624,160.137,171.562,-11.426,-45,-18,199.863,188.789,11.074,48,16
99.4501,158.379,166.729,-8.350,-37,-17,201.621,193.711,7.910,40,15
99.5373,158.203,162.686,-4.482,-32,-14,201.797,197.666,4.131,31,16
99.6261,159.785,159.873,-0.088,-18,-14,200.215,200.215,0.000,18,14
99.7151,162.861,158.906,3.955,-4,-13,197.139,201.182,-4.043,5,12
99.8021,167.256,158.994,8.262,1,15,192.744,201.006,-8.262,-3,-15
99.9090,173.848,161.016,12.832,25,18,186.152,198.457,-12.305,-22,-17
100.0053,180.352,165.586,14.766,36,17,179.648,194.150,-14.502,-35,-18
100.0935,186.328,170.508,15.820,44,19,173.672,189.053,-15.381,-44,-19
100.1833,191.953,176.396,15.557,48,19,168.047,182.988,-14.941,-49,-19
100.2703,196.436,182.373,14.062,52,18,163.564,177.100,-13.535,-50,-18
100.3582,199.775,188.174,11.602,46,17,160.225,171.562,-11.338,-45,-18
100.4455,201.621,193.271,8.350,41,15,158.379,166.729,-8.350,-37,-17
100.5325,201.797,197.227,4.570,30,15,158.203,162.686,-4.482,-29,-17
100.6192,200.391,199.775,0.615,19,14,159.609,160.137,-0.527,-18,-15
100.7060,197.490,200.918,-3.428,7,13,162.510,159.258,3.252,-3,-13
100.7954,193.096,200.830,-7.734,-1,-15,166.904,159.258,7.646,2,15
100.8841,187.822,199.424,-11.602,-16,-17,172.178,160.312,11.865,15,19
100.9713,181.934,196.084,-14.150,-31,-18,178.066,163.916,14.150,34,20
101.0591,175.957,191.338,-15.381,-41,-18,184.043,168.662,15.381,41,19
101.1483,170.156,185.713,-15.557,-47,-20,189.844,174.199,15.645,47,19
101.2359,165.234,179.648,-14.414,-50,-17,194.766,180.264,14.502,53,19
101.3234,161.367,173.936,-12.568,-46,-18,198.633,186.328,12.305,50,16
101.4130,158.906,168.574,-9.668,-41,-16,201.094,191.777,9.316,42,16
101.5009,158.115,164.355,-6.240,-34,-16,201.885,196.084,5.801,34,15
101.5881,158.906,160.840,-1.934,-25,-14,201.094,199.248,1.846,22,14
101.6764,161.367,159.170,2.197,-10,-13,198.633,201.006,-2.373,11,13
101.7727,165.674,158.994,6.680,2,13,194.326,201.182,-6.855,0,-15
101.8655,171.035,159.609,11.426,11,17,188.965,199.775,-10.811,-15,-17
101.9550,176.924,163.213,13.711,33,17,183.076,196.436,-13.359,-30,-18
102.0457,183.076,167.783,15.293,37,19,176.924,191.777,-14.854,-39,-20
102.1402,189.316,173.584,15.732,48,18,170.684,185.801,-15.117,-48,-18
102.2297,194.502,179.561,14.941,51,18,165.498,179.912,-14.414,-47,-19
102.3270,198.721,186.240,12.480,50,16,161.279,173.584,-12.305,-48,-19
102.4223,201.270,192.041,9.229,43,16,158.730,167.959,-9.229,-41,-17
102.5161,201.885,196.611,5.273,33,15,158.115,163.389,-5.273,-33,-16
102.6066,200.742,199.512,1.230,21,13,159.258,160.400,-1.143,-19,-14
102.6982,197.842,200.918,-3.076,8,12,162.158,159.258,2.900,-4,-14
102.7952,193.096,200.830,-7.734,-1,-15,166.904,159.170,7.734,1,14
102.8901,187.383,199.248,-11.865,-18,-18,172.617,160.488,12.129,17,18
102.9780,181.494,195.732,-14.238,-32,-18,178.506,164.268,14.238,34,18
103.0691,175.342,190.635,-15.293,-42,-18,184.658,169.277,15.381,43,19
103.1573,169.629,185.010,-15.381,-47,-19,190.371,174.814,15.557,48,19
103.2458,164.707,179.033,-14.326,-49,-18,195.293,180.967,14.326,53,19
103.3380,160.840,173.057,-12.217,-46,-17,199.160,187.295,11.865,49,18
103.4286,158.643,167.783,-9.141,-39,-17,201.357,192.656,8.701,41,17
103.5240,158.115,163.301,-5.186,-32,-16,201.885,197.139,4.746,32,15
103.6295,159.873,159.785,0.088,-17,-13,200.127,200.303,-0.176,18,13
103.7542,164.707,158.906,5.801,2,13,195.293,201.182,-5.889,0,-13
103.8700,171.299,159.434,11.865,8,18,188.701,200.039,-11.338,-13,-17
103.9613,177.363,163.037,14.326,34,17,182.637,196.523,-13.887,-31,-19
104.0515,183.516,167.871,15.645,39,19,176.484,191.602,-15.117,-42,-19
104.1392,189.229,173.496,15.732,50,19,170.771,185.977,-15.205,-50,-18
104.2477,195.381,180.879,14.502,52,18,164.619,178.682,-14.062,-48,-18
104.3569,199.775,187.998,11.777,45,17,160.225,171.826,-11.602,-44,-18
104.4481,201.621,193.359,8.262,41,16,158.379,166.816,-8.438,-38,-16
104.5553,201.621,198.018,3.604,29,13,158.379,161.895,-3.516,-28,-16
104.6810,198.457,200.742,-2.285,11,12,161.543,159.346,2.197,-7,-15
104.7797,193.975,200.918,-6.943,-3,-13,166.025,159.258,6.768,0,13
104.8719,188.525,199.863,-11.338,-14,-17,171.475,159.961,11.514,10,18
104.9800,181.318,195.645,-14.326,-33,-18,178.682,164.355,14.326,36,19
105.0699,175.254,190.723,-15.469,-41,-18,184.746,169.277,15.469,42,19
105.1591,169.541,185.098,-15.557,-48,-18,190.459,174.814,15.645,48,20
105.2490,164.531,178.945,-14.414,-49,-18,195.469,181.143,14.326,53,18
105.3379,160.840,173.057,-12.217,-47,-19,199.160,187.295,11.865,49,17
105.4269,158.643,167.959,-9.316,-40,-17,201.357,192.480,8.877,42,16
105.5271,158.115,163.037,-4.922,-33,-15,201.885,197.314,4.570,32,14
105.6144,159.434,160.137,-0.703,-21,-15,200.566,199.951,0.615,19,15
105.7013,162.334,158.906,3.428,-6,-13,197.666,201.182,-3.516,7,13
105.7890,166.553,158.906,7.646,2,15,193.447,201.094,-7.646,-2,-15
105.8760,171.738,159.873,11.865,15,17,188.262,199.600,-11.338,-17,-17
105.9737,178.242,164.092,14.150,35,17,181.758,195.557,-13.799,-33,-19
106.0641,184.395,168.838,15.557,41,19,175.605,190.635,-15.029,-42,-19
106.1540,190.195,174.551,15.645,49,19,169.805,185.010,-15.205,-47,-18
106.2421,195.117,180.439,14.678,52,18,164.883,179.121,-14.238,-47,-20
106.3298,198.896,186.416,12.480,49,16,161.104,173.320,-12.217,-48,-18
106.4169,201.182,191.689,9.492,43,16,158.818,168.223,-9.404,-42,-17
106.5055,201.885,196.172,5.713,35,15,158.115,163.740,-5.625,-34,-16
106.5930,201.006,199.248,1.758,22,14,158.994,160.664,-1.670,-21,-15
106.6787,198.545,200.742,-2.197,10,12,161.455,159.258,2.197,-7,-14
106.7654,194.766,200.918,-6.152,-1,-13,165.234,159.170,6.064,0,12
106.8521,189.844,200.215,-10.371,-9,-16,170.156,159.609,10.547,5,18
106.9381,184.219,197.490,-13.271,-26,-19,175.781,162.246,13.535,28,19
107.0245,178.330,193.359,-15.029,-37,-19,181.670,166.729,14.941,39,18
107.1119,172.441,188.086,-15.645,-44,-19,187.559,171.826,15.732,45,19
107.1993,167.168,182.285,-15.117,-50,-18,192.832,177.539,15.293,49,20
107.2857,162.861,176.396,-13.535,-48,-18,197.139,183.867,13.271,54,18
107.4066,158.994,169.014,-10.020,-41,-16,201.006,191.426,9.580,43,16
107.4960,158.115,164.707,-6.592,-33,-15,201.885,195.732,6.152,32,16
107.5833,158.818,161.191,-2.373,-26,-15,201.182,198.984,2.197,24,15
107.6715,161.191,159.258,1.934,-12,-14,198.809,200.830,-2.021,13,13
107.7571,164.883,158.994,5.889,0,13,195.117,201.094,-5.977,0,-14
107.8467,169.893,159.346,10.547,7,16,190.107,200.303,-10.195,-10,-17
107.9410,175.957,162.510,13.447,31,17,184.043,197.227,-13.184,-28,-17
108.0381,182.549,167.256,15.293,36,18,177.451,192.217,-14.766,-39,-19
108.1332,188.877,173.057,15.820,48,19,171.123,186.240,-15.117,-48,-18
108.2290,194.414,179.385,15.029,51,18,165.586,180.000,-14.414,-47,-19
108.3209,198.545,185.801,12.744,51,17,161.455,173.848,-12.393,-47,-18
108.4189,201.182,191.777,9.404,43,17,158.818,168.135,-9.316,-41,-17
108.5095,201.885,196.348,5.537,34,16,158.115,163.564,-5.449,-34,-16
108.6051,200.742,199.512,1.230,21,14,159.258,160.400,-1.143,-19,-15
108.7127,197.227,201.006,-3.779,7,12,162.773,159.346,3.428,-1,-14
108.8155,191.953,200.742,-8.789,-2,-17,168.047,159.346,8.701,2,17
108.9246,185.098,198.105,-13.008,-24,-18,174.902,161.543,13.359,26,18
109.0144,179.033,193.975,-14.941,-36,-19,180.967,166.113,14.854,39,18
109.1018,173.145,188.789,-15.645,-43,-19,186.855,171.211,15.645,46,20
109.1896,167.695,182.900,-15.205,-49,-18,192.305,176.836,15.469,48,20
109.2784,163.213,176.924,-13.711,-48,-18,196.787,183.252,13.535,53,17
109.3667,159.961,171.299,-11.338,-44,-17,200.039,189.053,10.986,48,16
109.4567,158.291,166.465,-8.174,-36,-16,201.709,193.975,7.734,39,16
109.5464,158.291,162.334,-4.043,-30,-14,201.709,198.018,3.691,30,15
109.6355,160.049,159.697,0.352,-16,-14,199.951,200.391,-0.439,17,12
109.7241,163.301,158.906,4.395,-4,0,196.699,201.182,-4.482,3,-9
109.8141,167.959,158.994,8.965,1,16,192.041,200.830,-8.789,-5,-16
109.9016,173.320,160.752,12.568,23,17,186.680,198.721,-12.041,-22,-17
109.9958,179.736,165.234,14.502,36,16,180.264,194.414,-14.150,-35,-18
110.0865,185.889,170.156,15.732,43,20,174.111,189.316,-15.205,-43,-19
110.1903,192.305,176.836,15.469,46,19,167.695,182.549,-14.854,-49,-18
110.2837,197.051,183.252,13.799,51,18,162.949,176.484,-13.535,-47,-19
110.3752,200.303,189.229,11.074,46,16,159.697,170.684,-10.986,-44,-17
110.4663,201.797,194.326,7.471,39,15,158.203,165.674,-7.471,-36,-17
110.5567,201.621,198.105,3.516,28,15,158.379,161.719,-3.340,-27,-15
110.6625,199.160,200.566,-1.406,14,12,160.840,159.434,1.406,-10,-14
110.7625,194.854,201.006,-6.152,1,-13,165.146,159.082,6.064,0,13
110.8792,188.086,199.600,-11.514,-15,-17,171.914,160.137,11.777,14,19
110.9758,181.582,196.084,-14.502,-29,-19,178.418,163.916,14.502,33,20
111.0793,174.639,190.283,-15.645,-43,-19,185.361,169.717,15.645,45,20
111.1743,168.574,183.955,-15.381,-49,-19,191.426,175.957,15.469,50,20
111.2643,163.828,177.803,-13.975,-48,-18,196.172,182.373,13.799,53,17
111.3531,160.400,172.090,-11.689,-46,-17,199.600,188.262,11.338,48,16
111.4436,158.379,167.080,-8.701,-38,-17,201.621,193.447,8.174,40,16
111.5315,158.203,162.949,-4.746,-31,-15,201.797,197.402,4.395,31,15
111.6326,159.961,159.697,0.264,-17,-13,200.039,200.303,-0.264,18,13
111.7202,163.125,158.994,4.131,-2,-13,196.875,201.182,-4.307,4,-8
111.8098,167.695,158.994,8.701,1,16,192.305,200.830,-8.525,-4,-16
111.8965,173.057,160.664,12.393,22,17,186.943,198.896,-11.953,-20,-18
111.9843,178.945,164.707,14.238,35,17,181.055,195.029,-13.975,-34,-17
112.0731,184.922,169.453,15.469,41,19,175.078,190.107,-15.029,-43,-19
112.1651,190.811,175.342,15.469,49,18,169.189,184.307,-15.117,-46,-19
112.2542,195.732,181.230,14.502,51,18,164.268,178.242,-13.975,-48,-18
112.3426,199.336,187.119,12.217,48,17,160.664,172.617,-11.953,-48,-18
112.4323,201.445,192.568,8.877,42,16,158.555,167.344,-8.789,-40,-17
112.5238,201.885,196.875,5.010,32,15,158.115,162.949,-4.834,-32,-16
112.6148,200.479,199.688,0.791,20,14,159.521,160.137,-0.615,-18,-15
112.7029,197.578,201.006,-3.428,8,12,162.422,159.258,3.164,-3,-13
112.7912,193.359,200.830,-7.471,-3,-14,166.641,159.258,7.383,0,15
112.8814,187.998,199.424,-11.426,-16,-17,172.002,160.225,11.777,15,19
112.9802,181.318,195.557,-14.238,-32,-18,178.682,164.355,14.326,35,19
113.0796,174.639,190.020,-15.381,-42,-19,185.361,169.893,15.469,43,19
113.1792,168.311,183.516,-15.205,-48,-18,191.689,176.309,15.381,49,20
113.2790,163.125,176.836,-13.711,-48,-18,196.875,183.340,13.535,52,17
113.3701,159.873,171.035,-11.162,-44,-18,200.127,189.316,10.811,47,16
113.4613,158.203,166.201,-7.998,-35,-16,201.797,194.238,7.559,38,15
113.5510,158.379,162.070,-3.691,-30,-14,201.621,198.193,3.428,29,13
113.6409,160.225,159.609,0.615,-16,-13,199.775,200.479,-0.703,16,13
113.7300,163.564,158.906,4.658,-2,11,196.436,201.182,-4.746,2,-14
113.8186,168.223,158.994,9.229,1,18,191.777,200.742,-8.965,-5,-17
113.9564,177.012,163.301,13.711,33,16,182.988,196.436,-13.447,-30,-17
114.0960,186.504,169.893,16.611,41,19,173.496,189.580,-16.084,-41,-18
114.2434,195.205,179.385,15.820,52,18,164.795,180.000,-15.205,-51,-17
114.4232,201.270,191.074,10.195,45,14,158.730,168.838,-10.107,-44,-14
114.5888,201.094,197.754,3.340,28,16,158.906,162.158,-3.252,-27,-16
114.6972,197.842,200.654,-2.812,14,12,162.158,159.434,2.725,-11,-14
114.7927,193.271,200.918,-7.646,1,-14,166.729,159.346,7.383,0,14
114.8820,187.910,199.512,-11.602,-16,-16,172.090,160.137,11.953,14,18
115.0609,175.869,191.514,-15.645,-37,-15,184.131,168.486,15.645,37,15
115.1658,169.102,187.119,-18.018,-31,-24,190.898,172.705,18.193,32,26
115.2615,163.916,179.561,-15.645,-64,-19,196.084,180.439,15.645,69,20
115.3548,160.312,172.002,-11.689,-54,-17,199.688,188.350,11.338,57,16
115.4516,158.291,166.465,-8.174,-36,-16,201.709,194.062,7.646,39,15
115.5556,158.379,161.807,-3.428,-29,-14,201.621,198.457,3.164,28,14
115.6532,160.576,159.434,1.143,-13,-13,199.424,200.742,-1.318,14,13
115.7441,164.180,158.994,5.186,-1,12,195.820,201.270,-5.449,2,-13
115.8408,169.541,159.170,10.371,3,17,190.459,200.391,-9.932,-10,-17
115.9328,175.430,162.158,13.271,30,17,184.570,197.490,-12.920,-27,-18
116.0251,181.670,166.729,14.941,38,18,178.330,192.920,-14.590,-37,-18
116.1176,187.910,172.178,15.732,46,19,172.090,187.295,-15.205,-45,-18
116.2183,193.887,178.770,15.117,48,18,166.113,180.703,-14.590,-49,-18
116.3186,198.457,185.625,12.832,50,16,161.543,174.111,-12.568,-46,-19
116.4106,201.094,191.426,9.668,44,17,158.906,168.574,-9.668,-43,-17
116.5010,201.885,196.084,5.801,35,15,158.115,163.916,-5.801,-36,-16
116.5933,201.006,199.248,1.758,22,14,158.994,160.752,-1.758,-21,-15
116.6843,198.369,200.830,-2.461,9,13,161.631,159.346,2.285,-6,-14
116.7768,194.150,200.918,-6.768,-1,-14,165.850,159.258,6.592,0,13
116.8690,188.789,199.863,-11.074,-13,-17,171.211,159.873,11.338,9,19
116.9640,182.461,196.436,-13.975,-30,-18,177.539,163.477,14.062,33,19
117.0573,176.133,191.426,-15.293,-41,-18,183.867,168.486,15.381,41,19
117.1494,170.068,185.625,-15.557,-47,-19,189.932,174.287,15.645,47,20
117.2393,165.059,179.561,-14.502,-49,-18,194.941,180.615,14.326,53,18
117.3320,161.104,173.408,-12.305,-47,-18,198.896,186.943,11.953,49,16
117.4250,158.643,167.959,-9.316,-40,-16,201.357,192.393,8.965,41,16
117.5165,158.115,163.652,-5.537,-33,-15,201.885,196.699,5.186,33,15
117.6084,159.346,160.312,-0.967,-22,-14,200.654,199.863,0.791,21,13
117.7000,162.246,158.994,3.252,-6,-12,197.754,201.182,-3.428,7,12
117.7917,166.641,158.994,7.646,1,14,193.359,201.094,-7.734,-2,-16
117.8844,172.266,160.225,12.041,18,17,187.734,199.336,-11.602,-18,-17
117.9750,178.330,164.180,14.150,35,17,181.670,195.557,-13.887,-33,-18
118.0668,184.570,169.014,15.557,41,19,175.430,190.459,-15.029,-43,-19
118.1761,191.514,176.045,15.469,49,19,168.486,183.604,-15.117,-46,-18
118.2751,196.699,182.549,14.150,50,18,163.301,177.012,-13.711,-48,-19
118.3755,200.303,189.141,11.162,48,16,159.697,170.771,-11.074,-44,-18
118.4753,201.885,194.854,7.031,38,16,158.115,165.322,-7.207,-36,-17
118.5755,201.357,198.721,2.637,25,14,158.643,161.191,-2.549,-24,-16
118.6723,198.809,200.742,-1.934,11,13,161.191,159.346,1.846,-8,-15
118.7819,193.887,200.918,-7.031,-2,-14,166.113,159.258,6.855,1,14
118.8898,187.383,199.336,-11.953,-16,-17,172.617,160.225,12.393,15,19
118.9943,180.352,195.117,-14.766,-34,-18,179.648,164.795,14.854,37,19
119.0917,173.760,189.404,-15.645,-43,-19,186.240,170.596,15.645,45,19
119.1944,167.432,182.549,-15.117,-51,-18,192.568,177.363,15.205,50,19
119.2930,162.598,175.869,-13.271,-48,-18,197.402,184.395,13.008,52,17
119.3888,159.434,169.980,-10.547,-43,-17,200.566,190.371,10.195,44,16
119.4854,158.115,165.059,-6.943,-34,-16,201.885,195.381,6.504,35,15
119.5780,158.730,161.191,-2.461,-27,-14,201.270,198.984,2.285,25,14
119.6761,161.367,159.170,2.197,-10,-13,198.633,200.918,-2.285,11,13
119.7695,165.498,158.906,6.592,1,14,194.502,201.182,-6.680,0,-14
119.8641,170.947,159.697,11.250,12,18,189.053,199.863,-10.811,-14,-17
119.9596,177.275,163.564,13.711,34,18,182.725,196.260,-13.535,-31,-18
120.0561,183.779,168.398,15.381,38,19,176.221,191.162,-14.941,-41,-18
120.1517,190.020,174.375,15.645,48,19,169.980,185.186,-15.205,-47,-19
120.2523,195.645,181.055,14.590,51,18,164.355,178.418,-14.062,-48,-19
120.3475,199.424,187.471,11.953,47,17,160.576,172.354,-11.777,-47,-18
120.4429,201.533,193.271,8.262,42,14,158.467,166.816,-8.350,-39,-17
120.5370,201.797,197.402,4.395,29,15,158.203,162.422,-4.219,-29,-15
120.6352,199.951,200.127,-0.176,17,13,160.049,159.873,0.176,-15,-14
120.7271,196.611,201.006,-4.395,4,-1,163.389,159.346,4.043,0,-13
120.8196,191.777,200.742,-8.965,-3,-16,168.223,159.346,8.877,0,16
120.9148,185.801,198.457,-12.656,-22,-17,174.199,161.191,13.008,24,19
121.0101,179.385,194.150,-14.766,-36,-18,180.615,165.850,14.766,39,18
121.1034,173.057,188.613,-15.557,-43,-19,186.943,171.299,15.645,45,20
121.1969,167.344,182.461,-15.117,-48,-19,192.656,177.451,15.205,49,19
121.2899,162.686,176.221,-13.535,-48,-19,197.314,184.043,13.271,52,17
121.3839,159.521,170.332,-10.811,-44,-18,200.479,190.020,10.459,46,17
121.4837,158.115,165.146,-7.031,-35,-16,201.885,195.381,6.504,36,16
121.5837,158.818,160.928,-2.109,-26,-14,201.182,199.248,1.934,24,13
121.6744,161.279,159.170,2.109,-10,-13,198.721,200.918,-2.197,12,12
121.7652,165.234,158.994,6.240,1,13,194.766,201.094,-6.328,0,-15
121.8560,170.420,159.521,10.898,10,17,189.580,200.127,-10.547,-11,-17
121.9466,176.396,162.773,13.623,31,17,183.604,196.963,-13.359,-29,-17
122.0358,182.461,167.168,15.293,36,18,177.539,192.393,-14.854,-38,-19
122.1260,188.438,172.617,15.820,47,19,171.562,186.768,-15.205,-48,-19
122.2151,193.711,178.506,15.205,47,19,166.289,180.879,-14.590,-49,-18
122.3060,197.930,184.834,13.096,51,17,162.070,174.990,-12.920,-44,-18
122.3960,200.742,190.459,10.283,45,16,159.258,169.365,-10.107,-43,-18
122.4848,201.885,195.293,6.592,36,15,158.115,164.707,-6.592,-36,-15
122.5745,201.357,198.633,2.725,24,14,158.643,161.279,-2.637,-23,-15
122.6645,199.072,200.566,-1.494,13,13,160.928,159.434,1.494,-11,-14
122.7534,195.293,200.918,-5.625,-1,-13,164.707,159.170,5.537,-1,13
122.8422,190.371,200.479,-10.107,-6,-17,169.629,159.434,10.195,3,18
122.9309,184.658,197.842,-13.184,-26,-17,175.342,161.982,13.359,27,19
123.0228,178.506,193.359,-14.854,-38,-18,181.494,166.641,14.854,40,18
123.1143,172.354,187.910,-15.557,-44,-19,187.646,172.002,15.645,45,20
123.2102,166.553,181.494,-14.941,-48,-18,193.447,178.418,15.029,50,19
123.3006,162.246,175.430,-13.184,-47,-19,197.754,184.834,12.920,53,18
123.3936,159.258,169.717,-10.459,-43,-17,200.742,190.635,10.107,44,16
123.4853,158.115,165.059,-6.943,-35,-16,201.885,195.381,6.504,35,15
123.5779,158.730,161.104,-2.373,-27,-14,201.270,199.072,2.197,25,14
123.6736,161.279,159.170,2.109,-10,-13,198.721,200.918,-2.197,11,13
123.7695,165.498,158.994,6.504,2,13,194.502,201.094,-6.592,0,-14
123.8666,171.123,159.697,11.426,12,17,188.877,199.775,-10.898,-14,-17
123.9608,177.363,163.564,13.799,34,18,182.637,196.260,-13.623,-31,-18
124.0570,183.867,168.486,15.381,39,19,176.133,191.162,-15.029,-41,-19
124.1521,190.020,174.463,15.557,49,18,169.980,185.186,-15.205,-48,-19
124.2460,195.293,180.703,14.590,51,18,164.707,178.770,-14.062,-49,-17
124.3438,199.336,187.207,12.129,47,16,160.664,172.529,-11.865,-46,-18
124.4394,201.533,193.008,8.525,42,16,158.467,166.992,-8.525,-39,-17
124.5357,201.797,197.314,4.482,30,15,158.203,162.510,-4.307,-29,-16
124.6438,199.688,200.303,-0.615,16,13,160.312,159.697,0.615,-14,-14
124.7424,195.820,201.006,-5.186,1,-12,164.180,159.258,4.922,-1,0
124.8375,190.723,200.391,-9.668,-7,-16,169.277,159.434,9.844,3,17
124.9370,184.307,197.578,-13.271,-26,-18,175.693,162.158,13.535,28,19
125.0311,177.891,192.920,-15.029,-38,-19,182.109,166.992,15.117,39,19
125.1273,171.475,186.943,-15.469,-45,-19,188.525,172.881,15.645,46,19
125.2202,166.025,180.703,-14.678,-49,-18,193.975,179.121,14.854,52,19
125.3108,161.807,174.727,-12.920,-47,-18,198.193,185.537,12.656,51,17
125.4094,158.994,168.750,-9.756,-41,-17,201.006,191.602,9.404,43,15
125.5026,158.115,164.268,-6.152,-34,-15,201.885,196.260,5.625,34,15
125.5952,159.082,160.664,-1.582,-24,-14,200.918,199.512,1.406,21,14
125.6924,161.982,159.082,2.900,-6,-13,198.018,201.006,-2.988,8,13
125.7942,166.816,158.994,7.822,1,15,193.184,200.918,-7.734,-2,-15
125.8925,172.793,160.576,12.217,21,17,187.207,198.984,-11.777,-19,-17
125.9849,179.033,164.795,14.238,36,17,180.967,195.117,-14.150,-34,-18
126.0841,185.713,170.068,15.645,42,19,174.287,189.492,-15.205,-43,-18
126.1842,191.953,176.572,15.381,48,20,168.047,182.988,-14.941,-47,-17
126.2788,196.875,183.076,13.799,52,16,163.125,176.748,-13.623,-48,-18
126.3726,200.215,189.141,11.074,45,16,159.785,170.859,-11.074,-44,-17
126.4657,201.797,194.326,7.471,39,16,158.203,165.762,-7.559,-37,-17
126.5552,201.621,198.105,3.516,28,15,158.379,161.807,-3.428,-27,-15
126.6483,199.600,200.391,-0.791,15,13,160.400,159.609,0.791,-13,-14
126.7419,195.908,201.006,-5.098,1,-12,164.092,159.170,4.922,0,0
126.8358,190.811,200.479,-9.668,-6,-16,169.189,159.434,9.756,4,16
126.9270,184.922,197.930,-13.008,-24,-18,175.078,161.719,13.359,26,19
127.0185,178.770,193.623,-14.854,-37,-19,181.230,166.377,14.854,40,19
127.1104,172.529,188.086,-15.557,-44,-19,187.471,171.738,15.732,46,20
127.2019,166.992,181.934,-14.941,-49,-18,193.008,177.803,15.205,50,20
127.2932,162.510,175.781,-13.271,-48,-18,197.490,184.395,13.096,52,17
127.3992,159.170,169.277,-10.107,-42,-17,200.830,190.986,9.844,43,16
127.4924,158.115,164.707,-6.592,-34,-16,201.885,195.645,6.240,34,15
127.5828,158.818,161.016,-2.197,-26,-13,201.182,199.072,2.109,24,14
127.6741,161.279,159.170,2.109,-10,-13,198.721,200.918,-2.197,11,14
127.7682,165.410,158.906,6.504,2,13,194.590,201.094,-6.504,1,-14
127.8620,170.859,159.609,11.250,11,17,189.141,199.863,-10.723,-13,-17
127.9531,176.836,163.213,13.623,33,17,183.164,196.611,-13.447,-30,-18
128.0508,183.428,168.135,15.293,38,18,176.572,191.514,-14.941,-41,-20
128.1486,189.844,174.287,15.557,48,19,170.156,185.361,-15.205,-48,-19
128.2469,195.381,180.703,14.678,51,18,164.619,178.770,-14.150,-48,-18
128.3391,199.160,187.031,12.129,48,17,160.840,172.705,-11.865,-47,-19
128.4316,201.445,192.568,8.877,42,16,158.555,167.344,-8.789,-40,-16
128.5256,201.885,197.051,4.834,32,15,158.115,162.949,-4.834,-30,-16
128.6169,200.479,199.775,0.703,19,14,159.521,160.225,-0.703,-18,-15
128.7090,197.314,201.006,-3.691,7,12,162.686,159.170,3.516,-3,-13
128.8114,192.217,200.742,-8.525,-2,-16,167.783,159.258,8.525,2,15
128.9018,186.592,198.896,-12.305,-20,-17,173.408,160.840,12.568,20,19
128.9954,180.264,194.854,-14.590,-34,-18,179.736,165.146,14.590,37,19
129.0961,173.496,188.965,-15.469,-43,-19,186.504,170.947,15.557,46,20
129.1952,167.432,182.373,-14.941,-49,-18,192.568,177.451,15.117,49,20
129.2877,162.773,176.221,-13.447,-48,-19,197.227,184.043,13.184,53,17
129.3782,159.697,170.596,-10.898,-43,-17,200.303,189.756,10.547,45,17
129.4685,158.203,165.850,-7.646,-35,-16,201.797,194.590,7.207,38,15
129.5584,158.467,161.807,-3.340,-29,-14,201.533,198.457,3.076,28,14
129.6494,160.488,159.434,1.055,-14,-13,199.512,200.566,-1.055,15,14
129.7418,164.092,158.906,5.186,-1,13,195.908,201.182,-5.273,3,-12
129.8315,168.926,158.994,9.932,1,17,191.074,200.566,-9.492,-8,-16
129.9218,174.727,161.631,13.096,28,17,185.273,198.018,-12.744,-24,-18
130.0136,180.879,166.113,14.766,37,18,179.121,193.623,-14.502,-36,-18
130.1082,187.295,171.562,15.732,46,19,172.705,187.998,-15.293,-44,-18
130.2010,192.920,177.539,15.381,45,20,167.080,181.846,-14.766,-49,-19
130.2955,197.578,184.219,13.359,52,16,162.422,175.605,-13.184,-45,-19
130.3944,200.742,190.371,10.371,44,16,159.258,169.541,-10.283,-42,-18
130.4877,201.885,195.381,6.504,36,15,158.115,164.707,-6.592,-36,-16
130.5831,201.182,198.896,2.285,23,14,158.818,160.928,-2.109,-23,-16
130.6762,198.633,200.742,-2.109,11,12,161.367,159.346,2.021,-7,-13
130.7691,194.502,200.918,-6.416,-1,-15,165.498,159.258,6.240,1,13
130.8581,189.404,200.127,-10.723,-11,-17,170.596,159.609,10.986,5,19
130.9510,183.340,196.963,-13.623,-28,-18,176.660,162.773,13.887,31,19
131.0506,176.572,191.777,-15.205,-40,-18,183.428,168.135,15.293,40,19
131.1508,169.980,185.537,-15.557,-48,-19,190.020,174.287,15.732,47,20
131.2442,164.795,179.209,-14.414,-49,-18,195.205,180.879,14.326,53,18
131.3357,160.928,173.145,-12.217,-47,-17,199.072,187.119,11.953,49,16
131.4258,158.643,167.959,-9.316,-40,-16,201.357,192.480,8.877,42,16
131.5177,158.115,163.564,-5.449,-33,-14,201.885,196.963,4.922,33,14
131.6078,159.346,160.312,-0.967,-21,-14,200.654,199.863,0.791,20,14
131.7201,163.125,158.906,4.219,-4,-1,196.875,201.270,-4.395,5,-3
131.8150,167.959,158.994,8.965,0,16,192.041,200.918,-8.877,-4,-16
131.9079,173.760,160.928,12.832,25,17,186.240,198.633,-12.393,-22,-17
132.0003,180.000,165.410,14.590,37,18,180.000,194.326,-14.326,-36,-19
132.0919,186.240,170.508,15.732,44,19,173.760,189.053,-15.293,-43,-18
132.1817,191.865,176.309,15.557,48,20,168.135,183.252,-15.117,-47,-19
132.2709,196.436,182.373,14.062,52,18,163.564,177.100,-13.535,-50,-18
132.3790,200.391,189.492,10.898,46,16,159.609,170.420,-10.811,-43,-17
132.4692,201.797,194.414,7.383,37,15,158.203,165.674,-7.471,-34,-17
132.5598,201.533,198.105,3.428,28,14,158.467,161.807,-3.340,-27,-15
132.6496,199.512,200.391,-0.879,15,13,160.488,159.609,0.879,-13,-14
132.7420,195.908,201.006,-5.098,1,-12,164.092,159.258,4.834,0,8
132.8349,190.811,200.566,-9.756,-5,-16,169.189,159.346,9.844,2,17
132.9287,184.834,197.930,-13.096,-25,-17,175.166,161.807,13.359,27,19
133.0229,178.506,193.359,-14.854,-38,-19,181.494,166.641,14.854,40,19
133.1187,172.002,187.646,-15.645,-44,-19,187.998,172.354,15.645,46,21
133.2125,166.465,181.406,-14.941,-49,-19,193.535,178.594,14.941,51,19
133.3069,161.982,175.078,-13.096,-47,-18,198.018,185.361,12.656,52,17
133.4019,159.082,169.277,-10.195,-42,-17,200.918,191.162,9.756,43,16
133.4987,158.115,164.443,-6.328,-35,-16,201.885,195.996,5.889,34,15
133.5908,158.994,160.752,-1.758,-25,-14,201.006,199.336,1.670,22,15
133.6820,161.543,159.082,2.461,-9,-13,198.457,201.006,-2.549,10,13
133.7751,165.762,158.994,6.768,2,14,194.238,201.094,-6.855,-1,-15
133.8677,171.211,159.697,11.514,13,17,188.789,199.775,-10.986,-14,-17
133.9669,177.803,163.828,13.975,34,18,182.197,195.908,-13.711,-32,-18
134.0650,184.395,168.926,15.469,40,20,175.605,190.547,-14.941,-43,-19
134.1594,190.547,174.990,15.557,49,18,169.453,184.658,-15.205,-47,-18
134.2502,195.469,180.967,14.502,51,17,164.531,178.506,-13.975,-48,-19
134.3448,199.336,187.295,12.041,47,17,160.664,172.441,-11.777,-47,-18
134.4446,201.621,193.184,8.438,41,15,158.379,166.816,-8.438,-38,-16
134.5449,201.709,197.754,3.955,28,15,158.291,162.158,-3.867,-28,-14
134.7193,196.875,201.094,-4.219,7,12,163.125,159.170,3.955,-3,-15
134.8132,192.129,201.094,-8.965,-2,-16,167.871,159.082,8.789,0,14
134.9070,186.240,199.072,-12.832,-22,-17,173.760,160.576,13.184,21,21
135.0068,179.561,194.326,-14.766,-38,-19,180.439,165.762,14.678,41,18
135.1193,172.002,187.471,-15.469,-45,-18,187.998,172.441,15.557,45,19
135.2223,165.938,180.879,-14.941,-46,-17,194.062,179.121,14.941,50,19
135.3202,161.455,174.375,-12.920,-48,-19,198.545,185.889,12.656,51,17
135.4342,158.555,167.607,-9.053,-40,-16,201.445,192.920,8.525,42,15
135.5284,158.115,163.213,-5.098,-31,-15,201.885,197.227,4.658,31,15
135.6259,159.785,159.961,-0.176,-19,-14,200.215,200.127,0.088,18,14
135.7195,163.125,158.906,4.219,-4,-1,196.875,201.182,-4.307,5,3
135.8345,169.102,159.082,10.020,2,18,190.898,200.566,-9.668,-8,-17
135.9265,174.990,161.631,13.359,27,17,185.010,198.018,-13.008,-24,-18
136.0218,181.494,166.377,15.117,37,18,178.506,193.359,-14.854,-37,-19
136.1173,187.910,172.002,15.908,48,20,172.090,187.383,-15.293,-47,-18
136.2104,193.447,178.066,15.381,46,20,166.553,181.230,-14.678,-50,-18
136.3009,197.754,184.482,13.271,51,17,162.246,175.254,-13.008,-45,-19
136.3949,200.742,190.459,10.283,45,16,159.258,169.453,-10.195,-43,-17
136.4893,201.885,195.469,6.416,36,15,158.115,164.531,-6.416,-36,-16
136.5868,201.094,199.072,2.021,23,14,158.906,160.928,-2.021,-22,-15
136.6803,198.457,200.742,-2.285,10,13,161.543,159.346,2.197,-7,-14
136.7699,194.502,200.918,-6.416,-1,-14,165.498,159.258,6.240,0,12
136.8620,189.141,199.951,-10.811,-12,-17,170.859,159.697,11.162,6,19
136.9533,183.164,196.787,-13.623,-29,-18,176.836,162.861,13.975,31,18
137.0454,176.924,192.041,-15.117,-40,-18,183.076,167.783,15.293,40,19
137.1343,171.035,186.592,-15.557,-46,-19,188.965,173.232,15.732,46,21
137.2247,165.762,180.439,-14.678,-49,-17,194.238,179.473,14.766,53,19
137.3141,161.719,174.551,-12.832,-47,-19,198.281,185.625,12.656,51,17
137.4033,159.082,169.102,-10.020,-42,-17,200.918,191.162,9.756,43,16
137.4936,158.115,164.619,-6.504,-35,-16,201.885,195.820,6.064,35,15
137.5898,158.906,160.752,-1.846,-25,-14,201.094,199.424,1.670,22,14
137.6887,161.807,159.082,2.725,-7,-12,198.193,201.006,-2.812,8,12
137.7954,166.904,158.994,7.910,1,14,193.096,201.006,-7.910,-1,-15
137.8841,172.178,160.137,12.041,18,17,187.822,199.336,-11.514,-18,-17
137.9767,178.418,164.355,14.062,36,17,181.582,195.469,-13.887,-34,-18
138.0677,184.570,169.102,15.469,41,18,175.430,190.459,-15.029,-43,-19
138.1603,190.547,175.078,15.469,49,19,169.453,184.658,-15.205,-47,-18
138.2482,195.381,180.879,14.502,51,18,164.619,178.770,-14.150,-47,-19
138.3392,199.160,186.943,12.217,48,17,160.840,172.881,-12.041,-48,-18
138.4333,201.445,192.656,8.789,42,16,158.555,167.432,-8.877,-40,-17
138.5234,201.885,196.875,5.010,32,15,158.115,163.037,-4.922,-32,-15
138.6165,200.479,199.775,0.703,20,13,159.521,160.225,-0.703,-18,-14
138.7099,197.314,201.006,-3.691,7,12,162.686,159.170,3.516,-4,-14
138.8058,192.568,200.830,-8.262,-1,-15,167.432,159.258,8.174,2,14
138.9018,186.592,198.809,-12.217,-20,-18,173.408,160.840,12.568,20,20
138.9937,180.352,194.854,-14.502,-34,-19,179.648,165.059,14.590,37,18
139.0855,174.199,189.580,-15.381,-42,-19,185.801,170.332,15.469,44,19
139.1761,168.486,183.691,-15.205,-48,-19,191.514,176.045,15.469,49,19
139.2673,163.652,177.539,-13.887,-48,-17,196.348,182.461,13.887,52,18
139.3680,159.961,171.123,-11.162,-44,-18,200.039,189.141,10.898,48,16
139.4677,158.203,165.850,-7.646,-35,-16,201.797,194.590,7.207,37,16
139.5594,158.467,161.807,-3.340,-29,-14,201.533,198.457,3.076,28,14
139.6499,160.488,159.434,1.055,-14,-14,199.512,200.566,-1.055,15,13
139.7409,164.092,158.906,5.186,-1,12,195.908,201.182,-5.273,3,-13
139.8317,168.926,159.082,9.844,2,17,191.074,200.566,-9.492,-8,-16
139.9230,174.814,161.719,13.096,28,17,185.186,198.018,-12.832,-24,-18
140.0140,180.967,166.113,14.854,37,18,179.033,193.535,-14.502,-36,-18
140.1051,187.119,171.299,15.820,46,18,172.881,188.174,-15.293,-44,-18
140.1936,192.480,177.100,15.381,46,20,167.520,182.373,-14.854,-49,-18
140.2818,196.963,183.252,13.711,52,17,163.037,176.484,-13.447,-47,-19
140.3715,200.127,189.053,11.074,46,16,159.873,170.859,-10.986,-43,-18
140.4603,201.797,194.062,7.734,38,15,158.203,166.025,-7.822,-36,-16
140.5503,201.621,197.842,3.779,28,15,158.379,162.070,-3.691,-28,-15
140.6379,199.863,200.127,-0.264,17,12,160.137,159.785,0.352,-15,-14
140.7259,196.611,201.006,-4.395,4,-3,163.389,159.258,4.131,-1,-13
140.8149,192.041,200.742,-8.701,-2,-16,167.959,159.346,8.613,2,15
140.9036,186.504,198.809,-12.305,-21,-18,173.496,160.840,12.656,20,20
140.9938,180.352,194.941,-14.590,-34,-19,179.648,165.059,14.590,37,18
141.0820,174.463,189.932,-15.469,-42,-19,185.537,169.980,15.557,43,20
141.1696,168.926,184.219,-15.293,-48,-19,191.074,175.693,15.381,49,19
141.2590,164.092,178.154,-14.062,-49,-19,195.908,181.934,13.975,52,17
141.3526,160.400,172.090,-11.689,-45,-17,199.600,188.174,11.426,48,17
141.4445,158.379,166.992,-8.613,-38,-16,201.621,193.447,8.174,40,16
141.5368,158.203,162.686,-4.482,-31,-14,201.797,197.666,4.131,31,15
141.6286,159.873,159.785,0.088,-17,-14,200.127,200.303,-0.176,18,13
141.7190,163.037,158.906,4.131,-4,-1,196.963,201.182,-4.219,5,3
141.8096,167.695,158.994,8.701,1,16,192.305,200.830,-8.525,-3,-15
141.9006,173.320,160.752,12.568,22,18,186.680,198.809,-12.129,-20,-17
141.9942,179.648,165.146,14.502,36,17,180.352,194.678,-14.326,-35,-18
142.0855,185.801,170.156,15.645,43,19,174.199,189.404,-15.205,-43,-18
142.1782,191.602,176.045,15.557,49,18,168.398,183.428,-15.029,-47,-18
142.2667,196.260,182.109,14.150,52,17,163.740,177.363,-13.623,-49,-18
142.3599,199.863,188.262,11.602,47,17,160.137,171.562,-11.426,-44,-18
142.4515,201.709,193.623,8.086,41,15,158.291,166.465,-8.174,-37,-17
142.5444,201.709,197.666,4.043,29,15,158.291,162.158,-3.867,-29,-15
142.6364,199.951,200.215,-0.264,17,13,160.049,159.785,0.264,-15,-14
142.7272,196.523,201.094,-4.570,4,-11,163.477,159.170,4.307,-2,-12
142.8199,191.777,200.742,-8.965,-3,-16,168.223,159.346,8.877,3,15
142.9111,185.977,198.545,-12.568,-22,-17,174.023,161.104,12.920,22,20
143.0024,179.912,194.502,-14.590,-35,-18,180.088,165.498,14.590,38,18
143.0941,173.672,189.229,-15.557,-43,-19,186.328,170.771,15.557,45,20
143.1853,167.959,183.164,-15.205,-48,-18,192.041,176.660,15.381,49,19
143.2754,163.301,177.100,-13.799,-48,-19,196.699,183.076,13.623,53,18
143.3686,159.961,171.211,-11.250,-44,-18,200.039,189.229,10.811,47,17
143.4619,158.203,166.201,-7.998,-36,-16,201.797,194.238,7.559,38,15
143.5527,158.379,161.982,-3.604,-30,-15,201.621,198.193,3.428,29,13
143.6447,160.312,159.521,0.791,-15,-13,199.688,200.479,-0.791,16,13
143.7360,163.828,158.906,4.922,-1,12,196.172,201.182,-5.010,2,-13
143.8282,168.750,159.082,9.668,2,17,191.250,200.566,-9.316,-8,-16
143.9189,174.463,161.455,13.008,27,17,185.537,198.105,-12.568,-24,-19
144.0117,180.791,166.025,14.766,37,17,179.209,193.623,-14.414,-36,-17
144.1030,186.943,171.035,15.908,44,18,173.057,188.350,-15.293,-43,-18
144.1943,192.568,177.012,15.557,46,20,167.432,182.285,-14.854,-49,-18
144.2843,197.051,183.340,13.711,52,17,162.949,176.309,-13.359,-47,-18
144.3779,200.303,189.316,10.986,46,16,159.697,170.508,-10.811,-43,-17
144.4691,201.797,194.414,7.383,38,16,158.203,165.586,-7.383,-36,-16
144.5612,201.533,198.193,3.340,27,14,158.467,161.631,-3.164,-26,-16
144.6531,199.424,200.391,-0.967,15,12,160.576,159.609,0.967,-12,-15
144.7509,195.469,200.918,-5.449,0,-12,164.531,159.258,5.273,0,12
144.8509,189.844,200.215,-10.371,-9,-16,170.156,159.521,10.635,3,19
144.9432,183.867,197.314,-13.447,-27,-18,176.133,162.422,13.711,30,18
145.0325,177.803,192.920,-15.117,-38,-18,182.197,167.080,15.117,40,19
145.1210,171.914,187.559,-15.645,-44,-19,188.086,172.441,15.645,46,21
145.2103,166.553,181.494,-14.941,-49,-18,193.447,178.418,15.029,50,19
145.2987,162.334,175.605,-13.271,-47,-19,197.666,184.658,13.008,52,18
145.3888,159.434,169.980,-10.547,-44,-17,200.566,190.371,10.195,44,16
145.4800,158.115,165.410,-7.295,-34,-17,201.885,195.117,6.768,35,14
145.5684,158.555,161.543,-2.988,-28,-14,201.445,198.721,2.725,26,14
145.6602,160.752,159.346,1.406,-12,-13,199.248,200.742,-1.494,13,13
145.7498,164.531,158.994,5.537,0,12,195.469,201.182,-5.713,1,-13
145.8387,169.365,159.258,10.107,5,17,190.635,200.479,-9.844,-8,-17
145.9283,175.166,161.982,13.184,28,17,184.834,197.842,-13.008,-26,-17
146.0176,181.143,166.289,14.854,37,18,178.857,193.447,-14.590,-36,-18
146.1056,187.119,171.299,15.820,45,19,172.881,188.174,-15.293,-44,-18
146.1927,192.480,176.924,15.557,46,19,167.520,182.461,-14.941,-48,-18
146.2801,196.875,182.988,13.887,51,18,163.125,176.660,-13.535,-48,-19
146.3687,200.127,188.701,11.426,46,16,159.873,171.123,-11.250,-44,-18
146.4596,201.709,194.062,7.646,40,15,158.291,166.025,-7.734,-36,-17
146.5479,201.709,197.842,3.867,29,14,158.291,162.070,-3.779,-27,-16
146.6354,199.951,200.215,-0.264,17,13,160.049,159.785,0.264,-15,-15
146.7271,196.611,201.006,-4.395,4,-4,163.389,159.258,4.131,0,-14
146.8192,191.777,200.742,-8.965,-3,-16,168.223,159.346,8.877,2,16
146.9106,186.064,198.545,-12.480,-22,-17,173.936,161.016,12.920,22,19
147.0012,180.000,194.590,-14.590,-35,-18,180.000,165.410,14.590,38,19
147.0926,173.760,189.316,-15.557,-42,-19,186.240,170.596,15.645,44,18
147.1827,168.135,183.428,-15.293,-49,-18,191.865,176.396,15.469,49,20
147.2763,163.301,177.100,-13.799,-48,-18,196.699,183.076,13.623,53,17
147.3672,159.961,171.299,-11.338,-44,-18,200.039,189.141,10.898,47,15
147.4566,158.291,166.553,-8.262,-36,-16,201.709,193.975,7.734,39,16
147.5487,158.291,162.246,-3.955,-30,-15,201.709,198.018,3.691,29,15
147.6391,160.137,159.697,0.439,-15,-14,199.863,200.479,-0.615,17,12
147.7320,163.652,158.906,4.746,-2,12,196.348,201.270,-4.922,3,-14
147.8224,168.398,158.994,9.404,1,17,191.602,200.742,-9.141,-6,-16
147.9127,174.111,161.191,12.920,26,17,185.889,198.457,-12.568,-22,-17
148.0036,180.176,165.586,14.590,37,17,179.824,194.150,-14.326,-36,-18
148.0923,186.240,170.508,15.732,43,19,173.760,188.965,-15.205,-43,-19
148.1805,191.777,176.221,15.557,49,19,168.223,183.252,-15.029,-47,-18
148.2699,196.436,182.285,14.150,51,16,163.564,177.275,-13.711,-49,-18
148.3615,199.863,188.350,11.514,47,17,160.137,171.475,-11.338,-45,-17
148.4579,201.709,193.975,7.734,41,15,158.291,166.113,-7.822,-36,-17
148.5563,201.621,198.105,3.516,27,15,158.379,161.807,-3.428,-26,-16
148.6448,199.688,200.303,-0.615,16,14,160.312,159.697,0.615,-14,-14
148.7326,196.348,201.006,-4.658,3,-12,163.652,159.258,4.395,0,-12
148.8194,191.777,200.742,-8.965,-3,-16,168.223,159.346,8.877,2,16
148.9067,186.328,198.721,-12.393,-21,-18,173.672,160.840,12.832,21,20
148.9948,180.352,194.941,-14.590,-35,-18,179.648,165.059,14.590,38,19
149.0824,174.375,189.844,-15.469,-42,-19,185.625,170.068,15.557,44,20
149.1707,168.838,184.219,-15.381,-48,-18,191.162,175.693,15.469,49,20
149.2560,164.180,178.330,-14.150,-49,-19,195.820,181.758,14.062,53,17
149.3430,160.664,172.705,-12.041,-46,-18,199.336,187.559,11.777,49,16
149.4311,158.555,167.607,-9.053,-39,-16,201.445,192.744,8.701,42,16
149.5179,158.115,163.564,-5.449,-33,-15,201.885,196.787,5.098,33,14
149.6058,159.258,160.312,-1.055,-22,-14,200.742,199.775,0.967,21,14
149.6927,161.982,159.082,2.900,-6,-12,198.018,201.094,-3.076,8,12
149.7865,166.377,158.994,7.383,1,15,193.623,201.006,-7.383,-2,-14
149.8732,171.562,159.961,11.602,15,17,188.438,199.600,-11.162,-16,-17
149.9626,177.451,163.652,13.799,34,16,182.549,196.172,-13.623,-32,-18
150.0516,183.516,168.135,15.381,38,18,176.484,191.426,-14.941,-41,-19
150.1389,189.229,173.584,15.645,47,19,170.771,185.889,-15.117,-49,-18
150.2265,194.326,179.297,15.029,50,19,165.674,180.176,-14.502,-49,-18
150.3135,198.281,185.273,13.008,50,17,161.719,174.375,-12.656,-46,-18
150.4068,201.006,191.162,9.844,44,16,158.994,168.750,-9.756,-43,-18
150.4997,201.885,195.908,5.977,35,15,158.115,164.004,-5.889,-36,-16
150.5926,201.006,199.248,1.758,22,14,158.994,160.752,-1.758,-21,-15
150.6853,198.281,200.830,-2.549,9,12,161.719,159.346,2.373,-5,-14
150.7834,193.799,200.918,-7.119,-1,-14,166.201,159.258,6.943,0,13
150.8733,188.438,199.688,-11.250,-14,-16,171.562,159.961,11.602,10,19
150.9785,181.406,195.645,-14.238,-32,-18,178.594,164.268,14.326,36,18
151.0740,174.990,190.371,-15.381,-42,-19,185.010,169.453,15.557,42,18
151.1703,168.838,184.131,-15.293,-48,-18,191.162,175.693,15.469,49,19
151.2694,163.564,177.451,-13.887,-48,-19,196.436,182.637,13.799,52,19
151.3762,159.697,170.684,-10.986,-43,-17,200.303,189.668,10.635,47,16
151.4722,158.115,165.674,-7.559,-34,-16,201.885,194.766,7.119,36,16
151.5636,158.467,161.719,-3.252,-29,-15,201.533,198.633,2.900,28,14
151.6556,160.664,159.346,1.318,-14,-13,199.336,200.742,-1.406,14,13
151.7519,164.619,158.906,5.713,1,13,195.381,201.182,-5.801,0,-13
151.8476,169.893,159.258,10.635,5,17,190.107,200.303,-10.195,-10,-17
151.9448,176.221,162.686,13.535,32,16,183.779,197.051,-13.271,-29,-17
152.0419,182.812,167.607,15.205,37,18,177.188,191.953,-14.766,-39,-19
152.1369,189.141,173.408,15.732,47,19,170.859,185.977,-15.117,-48,-18
152.2287,194.414,179.385,15.029,50,18,165.586,180.000,-14.414,-48,-19
152.3195,198.457,185.713,12.744,51,17,161.543,174.023,-12.480,-47,-18
152.4097,201.094,191.426,9.668,44,16,158.906,168.574,-9.668,-43,-17
152.4995,201.885,195.908,5.977,35,15,158.115,164.004,-5.889,-36,-16
152.5883,201.094,199.072,2.021,23,14,158.906,160.840,-1.934,-21,-15
152.6779,198.545,200.742,-2.197,10,12,161.455,159.346,2.109,-7,-13
152.7681,194.590,200.918,-6.328,-1,-13,165.410,159.346,6.064,0,14
152.8577,189.492,200.127,-10.635,-11,-17,170.508,159.609,10.898,5,19
152.9457,183.691,197.227,-13.535,-27,-18,176.309,162.510,13.799,30,19
153.0347,177.627,192.744,-15.117,-38,-18,182.373,167.168,15.205,39,19
153.1235,171.738,187.383,-15.645,-45,-19,188.262,172.529,15.732,46,20
153.2167,166.201,181.055,-14.854,-49,-18,193.799,178.857,14.941,52,18
153.3087,161.895,174.902,-13.008,-47,-17,198.105,185.449,12.656,52,17
153.4013,159.082,169.277,-10.195,-42,-17,200.918,191.074,9.844,43,16
153.4924,158.115,164.707,-6.592,-35,-16,201.885,195.732,6.152,34,16
153.5841,158.818,160.928,-2.109,-26,-14,201.182,199.248,1.934,24,13
153.6754,161.279,159.170,2.109,-9,-13,198.721,200.918,-2.197,11,13
153.7694,165.498,158.994,6.504,1,13,194.502,201.094,-6.592,0,-14
153.8623,170.859,159.521,11.338,11,16,189.141,199.951,-10.811,-13,-17
153.9542,176.924,163.213,13.711,34,17,183.076,196.523,-13.447,-30,-18
154.0481,183.252,167.959,15.293,38,19,176.748,191.602,-14.854,-41,-19
154.1410,189.404,173.672,15.732,47,19,170.596,185.713,-15.117,-48,-18
154.2347,194.766,179.912,14.854,51,18,165.234,179.561,-14.326,-48,-19
154.3279,198.809,186.328,12.480,50,17,161.191,173.496,-12.305,-47,-19
154.4218,201.270,192.129,9.141,43,16,158.730,167.959,-9.229,-41,-17
154.5161,201.885,196.699,5.186,33,15,158.115,163.301,-5.186,-33,-16
154.6086,200.654,199.600,1.055,21,15,159.346,160.312,-0.967,-19,-14
154.7033,197.578,200.918,-3.340,7,12,162.422,159.258,3.164,-3,-14
154.7966,193.096,200.830,-7.734,-1,-14,166.904,159.258,7.646,1,16
154.8897,187.383,199.248,-11.865,-17,-17,172.617,160.312,12.305,16,18
154.9836,181.055,195.469,-14.414,-33,-19,178.945,164.531,14.414,36,19
155.0767,174.814,190.195,-15.381,-42,-18,185.186,169.717,15.469,44,20
155.1705,168.838,184.131,-15.293,-48,-18,191.162,175.693,15.469,49,20
155.2641,163.828,177.803,-13.975,-47,-17,196.172,182.285,13.887,52,18
155.3572,160.225,171.826,-11.602,-45,-18,199.775,188.525,11.250,48,16
155.4513,158.291,166.641,-8.350,-37,-16,201.709,193.799,7.910,39,16
155.5052,158.115,164.092,-5.977,-34,-16,201.885,196.260,5.625,34,15
155.6091,159.346,160.225,-0.879,-21,-14,200.654,199.863,0.791,20,14
155.7043,162.422,158.994,3.428,-5,-13,197.578,201.094,-3.516,6,12
155.7980,166.992,158.994,7.998,0,15,193.008,201.006,-7.998,-2,-15
155.8920,172.705,160.488,12.217,20,17,187.295,199.160,-11.865,-19,-17
155.9869,179.121,164.795,14.326,35,17,180.879,194.941,-14.062,-34,-19
156.0830,185.625,169.893,15.732,42,18,174.375,189.580,-15.205,-43,-17
156.1785,191.602,176.133,15.469,49,18,168.398,183.340,-14.941,-47,-18
156.2871,197.227,183.516,13.711,51,17,162.773,176.221,-13.447,-46,-17
156.4196,201.270,191.689,9.580,42,15,158.730,168.223,-9.492,-42,-17
156.5298,201.797,196.787,5.010,30,16,158.203,163.213,-5.010,-29,-16
156.6275,200.215,199.863,0.352,20,14,159.785,160.137,-0.352,-19,-14
156.7165,197.051,201.006,-3.955,6,12,162.949,159.258,3.691,-2,-14
156.8056,192.568,200.830,-8.262,-1,-15,167.432,159.258,8.174,1,15
156.8946,187.119,199.072,-11.953,-19,-17,172.881,160.488,12.393,18,18
156.9858,180.967,195.381,-14.414,-33,-18,179.033,164.531,14.502,36,19
157.0835,174.375,189.844,-15.469,-42,-19,185.625,170.068,15.557,44,19
157.1770,168.486,183.779,-15.293,-48,-18,191.514,176.133,15.381,50,19
157.2698,163.564,177.539,-13.975,-48,-18,196.436,182.637,13.799,52,17
157.3664,159.961,171.387,-11.426,-45,-18,200.039,189.053,10.986,48,16
157.4572,158.291,166.465,-8.174,-36,-16,201.709,194.062,7.646,39,15
157.5474,158.291,162.334,-4.043,-30,-15,201.709,198.018,3.691,30,14
157.6364,160.049,159.697,0.352,-16,-14,199.951,200.391,-0.439,17,13
157.7249,163.301,158.906,4.395,-4,2,196.699,201.182,-4.482,3,-11
157.8129,167.871,158.994,8.877,1,16,192.129,200.830,-8.701,-4,-15
157.9012,173.320,160.752,12.568,23,18,186.680,198.809,-12.129,-21,-18
157.9889,179.297,164.883,14.414,36,17,180.703,194.854,-14.150,-35,-17
158.0786,185.361,169.717,15.645,42,19,174.639,189.756,-15.117,-43,-18
158.1686,191.074,175.605,15.469,50,19,168.926,184.043,-15.117,-46,-19
158.2606,195.996,181.758,14.238,51,18,164.004,177.715,-13.711,-50,-18
158.3532,199.600,187.910,11.689,47,16,160.400,171.914,-11.514,-45,-18
158.4485,201.621,193.535,8.086,41,15,158.379,166.553,-8.174,-38,-16
158.5557,201.621,198.105,3.516,27,15,158.379,161.807,-3.428,-27,-15
158.6518,199.512,200.391,-0.879,15,13,160.488,159.609,0.879,-12,-14
158.7431,195.820,201.006,-5.186,2,-12,164.180,159.258,4.922,0,-3
158.8355,190.811,200.566,-9.756,-5,-17,169.189,159.346,9.844,2,18
158.9289,184.834,197.930,-13.096,-25,-18,175.166,161.719,13.447,27,18
159.0209,178.594,193.535,-14.941,-37,-19,181.406,166.465,14.941,40,19
159.1131,172.441,187.998,-15.557,-44,-19,187.559,171.914,15.645,45,18
159.2039,166.904,181.934,-15.029,-49,-18,193.096,177.979,15.117,50,18
159.2968,162.422,175.693,-13.271,-48,-18,197.578,184.482,13.096,52,17
159.3907,159.346,169.893,-10.547,-43,-18,200.654,190.459,10.195,44,16
159.4844,158.115,165.059,-6.943,-35,-16,201.885,195.381,6.504,35,15
159.5761,158.730,161.191,-2.461,-28,-15,201.270,198.984,2.285,25,14
159.6687,161.104,159.170,1.934,-11,-13,198.896,200.918,-2.021,12,14
159.7632,165.146,158.994,6.152,2,13,194.854,201.182,-6.328,1,-14
159.8699,171.299,159.785,11.514,14,17,188.701,199.775,-11.074,-15,-17
159.9645,177.627,163.652,13.975,33,18,182.373,196.084,-13.711,-31,-18
160.0577,183.955,168.398,15.557,39,19,176.045,191.162,-15.117,-41,-18
160.1525,190.107,174.463,15.645,49,19,169.893,185.098,-15.205,-48,-19
160.2479,195.381,180.879,14.502,51,19,164.619,178.682,-14.062,-48,-19
160.3416,199.248,187.207,12.041,48,16,160.752,172.617,-11.865,-48,-18
160.4354,201.445,192.920,8.525,42,16,158.555,167.168,-8.613,-39,-16
160.5296,201.797,197.139,4.658,30,15,158.203,162.773,-4.570,-30,-16
160.6219,200.303,199.863,0.439,19,13,159.697,160.049,-0.352,-18,-14
160.7142,197.139,201.006,-3.867,6,12,162.861,159.258,3.604,-2,-14
160.8059,192.568,200.830,-8.262,-1,-15,167.432,159.258,8.174,1,15
160.8990,186.855,198.984,-12.129,-20,-17,173.145,160.752,12.393,20,19
160.9914,180.527,195.029,-14.502,-34,-19,179.473,164.971,14.502,37,19
161.0863,174.199,189.668,-15.469,-42,-19,185.801,170.332,15.469,45,19
161.1813,168.223,183.428,-15.205,-48,-19,191.777,176.396,15.381,49,19
161.2772,163.213,177.012,-13.799,-48,-18,196.787,183.164,13.623,52,17
161.3699,159.873,171.211,-11.338,-44,-18,200.127,189.229,10.898,47,16
161.4617,158.203,166.201,-7.998,-36,-16,201.797,194.326,7.471,39,15
161.5535,158.379,161.982,-3.604,-30,-15,201.621,198.369,3.252,29,15
161.6478,160.400,159.434,0.967,-14,-14,199.600,200.566,-0.967,15,13
161.7387,164.004,158.906,5.098,-1,12,195.996,201.182,-5.186,2,-13
161.8294,168.838,158.994,9.844,1,17,191.162,200.566,-9.404,-7,-16
161.9229,174.814,161.631,13.184,28,17,185.186,198.018,-12.832,-25,-18
162.0166,181.143,166.289,14.854,37,18,178.857,193.447,-14.590,-37,-18
162.1094,187.383,171.650,15.732,46,20,172.617,187.822,-15.205,-45,-18
162.2030,193.008,177.627,15.381,45,18,166.992,181.670,-14.678,-49,-18
162.3003,197.754,184.482,13.271,51,18,162.246,175.254,-13.008,-45,-20
162.3940,200.742,190.371,10.371,45,16,159.258,169.541,-10.283,-43,-18
162.4857,201.885,195.381,6.504,36,15,158.115,164.795,-6.680,-35,-16
162.5794,201.270,198.809,2.461,24,14,158.730,161.104,-2.373,-23,-15
162.6728,198.809,200.654,-1.846,12,13,161.191,159.346,1.846,-8,-14
162.7642,194.766,200.918,-6.152,-1,-13,165.234,159.258,5.977,0,12
162.8570,189.492,200.127,-10.635,-10,-16,170.508,159.521,10.986,4,19
162.9487,183.516,197.051,-13.535,-28,-18,176.484,162.686,13.799,31,18
163.0436,177.012,192.217,-15.205,-39,-18,182.988,167.695,15.293,40,20
163.1365,170.947,186.416,-15.469,-46,-19,189.053,173.496,15.557,46,21
163.2282,165.586,180.176,-14.590,-49,-18,194.414,179.736,14.678,52,18
163.3238,161.367,174.023,-12.656,-46,-19,198.633,186.328,12.305,50,17
163.4186,158.818,168.398,-9.580,-40,-17,201.182,192.041,9.141,42,17
163.5093,158.115,163.916,-5.801,-34,-16,201.885,196.436,5.449,33,15
163.6030,159.170,160.488,-1.318,-22,-13,200.830,199.688,1.143,21,14
163.6932,161.982,159.082,2.900,-6,-13,198.018,201.094,-3.076,8,12
163.7862,166.377,158.994,7.383,1,13,193.623,201.094,-7.471,-1,-15
163.8794,171.914,160.049,11.865,17,18,188.086,199.512,-11.426,-17,-17
163.9709,178.066,164.004,14.062,35,17,181.934,195.732,-13.799,-33,-18
164.0654,184.395,168.838,15.557,40,19,175.605,190.547,-14.941,-42,-18
164.1581,190.459,174.902,15.557,49,19,169.541,184.658,-15.117,-47,-18
164.2525,195.645,181.143,14.502,52,17,164.355,178.330,-13.975,-48,-18
164.3461,199.424,187.383,12.041,48,16,160.576,172.354,-11.777,-47,-19
164.4392,201.533,193.008,8.525,42,15,158.467,166.992,-8.525,-39,-17
164.5327,201.797,197.314,4.482,30,14,158.203,162.686,-4.482,-29,-16
164.6250,200.215,199.951,0.264,18,13,159.785,160.049,-0.264,-16,-15
164.7185,196.963,201.006,-4.043,5,9,163.037,159.258,3.779,-2,-13
164.8099,192.305,200.830,-8.525,-2,-15,167.695,159.346,8.350,2,15
164.9023,186.592,198.809,-12.217,-21,-17,173.408,160.752,12.656,20,19
164.9972,180.176,194.678,-14.502,-35,-18,179.824,165.234,14.590,38,18
165.0904,173.848,189.316,-15.469,-42,-19,186.152,170.508,15.645,44,19
165.1850,167.959,183.164,-15.205,-48,-18,192.041,176.660,15.381,49,20
165.2797,163.125,176.836,-13.711,-48,-19,196.875,183.428,13.447,53,17
165.3739,159.785,170.859,-11.074,-44,-17,200.215,189.580,10.635,46,16
165.4691,158.203,165.762,-7.559,-35,-17,201.797,194.678,7.119,38,15
165.5632,158.467,161.631,-3.164,-28,-15,201.533,198.545,2.988,28,14
165.6561,160.664,159.346,1.318,-13,-13,199.336,200.742,-1.406,15,12
165.7508,164.531,158.906,5.625,1,12,195.469,201.094,-5.625,1,-14
165.8458,169.805,159.258,10.547,5,17,190.195,200.303,-10.107,-10,-16
165.9378,175.781,162.334,13.447,31,18,184.219,197.402,-13.184,-27,-18
166.0325,182.197,166.992,15.205,37,19,177.803,192.568,-14.766,-37,-18
166.1252,188.350,172.617,15.732,47,19,171.650,186.768,-15.117,-48,-18
166.2188,193.887,178.770,15.117,48,19,166.113,180.703,-14.590,-50,-18
166.3122,198.193,185.273,12.920,50,18,161.807,174.551,-12.744,-45,-19
166.4063,201.006,191.074,9.932,44,16,158.994,168.750,-9.756,-43,-16
166.4998,201.885,195.908,5.977,35,15,158.115,164.092,-5.977,-35,-16
166.5920,201.006,199.248,1.758,23,13,158.994,160.752,-1.758,-21,-15
166.6853,198.281,200.830,-2.549,9,12,161.719,159.346,2.373,-6,-14
166.7764,194.150,200.918,-6.768,0,-15,165.850,159.258,6.592,0,13
166.8708,188.613,199.863,-11.250,-13,-18,171.387,159.785,11.602,9,20
166.9643,182.373,196.348,-13.975,-31,-19,177.627,163.477,14.150,33,20
167.0578,176.045,191.426,-15.381,-41,-19,183.955,168.574,15.381,41,21
167.1513,169.980,185.449,-15.469,-47,-18,190.020,174.463,15.557,47,20
167.2458,164.707,179.121,-14.414,-48,-18,195.293,180.967,14.326,53,18
167.3381,160.840,172.969,-12.129,-46,-18,199.160,187.295,11.865,49,17
167.4325,158.555,167.520,-8.965,-40,-16,201.445,192.920,8.525,41,15
167.5251,158.115,163.213,-5.098,-31,-15,201.885,197.227,4.658,32,15
167.6192,159.609,159.961,-0.352,-19,-14,200.391,200.039,0.352,19,13
167.7135,162.861,158.906,3.955,-4,-13,197.139,201.182,-4.043,5,7
167.8079,167.607,158.994,8.613,0,16,192.393,200.918,-8.525,-3,-15
167.9027,173.408,160.928,12.480,24,17,186.592,198.809,-12.217,-21,-18
167.9966,179.824,165.322,14.502,36,18,180.176,194.502,-14.326,-35,-18
168.0896,186.064,170.420,15.645,43,19,173.936,189.141,-15.205,-44,-18
168.1843,191.953,176.572,15.381,48,20,168.047,182.988,-14.941,-48,-19
168.2789,196.875,183.076,13.799,52,17,163.125,176.660,-13.535,-48,-19
168.3744,200.215,189.229,10.986,46,17,159.785,170.771,-10.986,-43,-17
168.4690,201.797,194.502,7.295,38,14,158.203,165.586,-7.383,-35,-16
168.5615,201.533,198.281,3.252,27,13,158.467,161.719,-3.252,-26,-16
168.6540,199.424,200.479,-1.055,15,13,160.576,159.521,1.055,-12,-14
168.7491,195.557,201.006,-5.449,1,-13,164.443,159.258,5.186,0,12
168.8423,190.371,200.391,-10.020,-7,-17,169.629,159.434,10.195,2,17
168.9355,184.395,197.666,-13.271,-26,-17,175.605,161.982,13.623,29,19
169.0274,178.154,193.096,-14.941,-38,-19,181.846,166.816,15.029,40,18
169.1205,171.914,187.471,-15.557,-44,-19,188.086,172.441,15.645,46,20
169.2131,166.377,181.230,-14.854,-49,-19,193.623,178.682,14.941,51,19
169.3078,161.982,174.990,-13.008,-47,-18,198.018,185.361,12.656,51,16
169.4021,159.082,169.189,-10.107,-42,-17,200.918,191.162,9.756,43,16
169.4945,158.115,164.619,-6.504,-35,-16,201.885,195.820,6.064,34,15
169.5871,158.906,160.840,-1.934,-25,-14,201.094,199.248,1.846,23,14
169.6818,161.543,159.082,2.461,-9,-13,198.457,201.006,-2.549,11,13
169.7749,165.762,158.994,6.768,2,14,194.238,201.094,-6.855,-1,-15
169.8690,171.299,159.785,11.514,14,18,188.701,199.775,-11.074,-14,-16
169.9620,177.451,163.564,13.887,34,16,182.549,196.260,-13.711,-32,-18
170.0553,183.779,168.398,15.381,39,19,176.221,191.250,-15.029,-41,-19
170.1491,189.844,174.287,15.557,48,19,170.156,185.361,-15.205,-48,-20
170.2419,195.117,180.352,14.766,51,18,164.883,179.121,-14.238,-47,-19
170.3358,199.072,186.768,12.305,49,16,160.928,172.969,-12.041,-47,-18
170.4310,201.445,192.568,8.877,42,16,158.555,167.432,-8.877,-40,-17
170.5243,201.885,196.963,4.922,32,15,158.115,162.949,-4.834,-31,-16
170.6207,200.391,199.951,0.439,19,13,159.609,160.049,-0.439,-18,-15
170.7296,196.436,201.094,-4.658,4,-12,163.564,159.170,4.395,-1,-12
170.8317,191.074,200.566,-9.492,-4,-16,168.926,159.346,9.580,2,17
170.9378,184.219,197.578,-13.359,-26,-18,175.781,162.070,13.711,28,19
171.0323,177.803,193.008,-15.205,-38,-19,182.197,166.904,15.293,39,19
171.1256,171.562,187.119,-15.557,-46,-19,188.438,172.617,15.820,46,21
171.2189,166.113,180.791,-14.678,-49,-18,193.887,179.033,14.854,52,18
171.3141,161.719,174.463,-12.744,-47,-19,198.281,185.801,12.480,51,17
171.4068,158.994,168.926,-9.932,-41,-16,201.006,191.426,9.580,43,16
171.5014,158.115,164.355,-6.240,-34,-15,201.885,196.084,5.801,34,15
171.5958,159.082,160.576,-1.494,-24,-13,200.918,199.512,1.406,21,14
171.6888,161.807,159.082,2.725,-7,-13,198.193,201.006,-2.812,8,12
171.7830,166.201,158.994,7.207,1,14,193.799,201.094,-7.295,-1,-15
171.8822,172.090,160.137,11.953,17,17,187.910,199.424,-11.514,-18,-17
171.9813,178.770,164.443,14.326,35,18,181.230,195.293,-14.062,-34,-17
172.0766,185.186,169.541,15.645,42,19,174.814,189.932,-15.117,-43,-18
172.1763,191.514,176.045,15.469,50,19,168.486,183.604,-15.117,-46,-18
172.2752,196.699,182.725,13.975,52,17,163.301,176.924,-13.623,-48,-17
172.3802,200.391,189.492,10.898,45,16,159.609,170.420,-10.811,-43,-18
172.4861,201.885,195.293,6.592,36,16,158.115,164.795,-6.680,-35,-16
172.5802,201.270,198.809,2.461,24,15,158.730,161.191,-2.461,-23,-16
172.6732,198.721,200.654,-1.934,11,13,161.279,159.434,1.846,-9,-15
172.7661,194.678,200.918,-6.240,-1,-13,165.322,159.346,5.977,0,13
172.8584,189.404,200.039,-10.635,-11,-17,170.596,159.609,10.986,5,19
172.9520,183.252,196.963,-13.711,-28,-19,176.748,162.861,13.887,32,18
173.0444,177.012,192.217,-15.205,-39,-18,182.988,167.783,15.205,39,19
173.1363,170.947,186.504,-15.557,-46,-19,189.053,173.320,15.732,46,20
173.2294,165.586,180.264,-14.678,-49,-18,194.414,179.736,14.678,52,18
173.3220,161.455,174.111,-12.656,-46,-19,198.545,186.152,12.393,50,17
173.4155,158.818,168.486,-9.668,-41,-17,201.182,191.865,9.316,43,16
173.5092,158.115,164.004,-5.889,-34,-15,201.885,196.436,5.449,33,14
173.6015,159.170,160.488,-1.318,-23,-14,200.830,199.600,1.230,21,13
173.6949,162.070,158.994,3.076,-6,-13,197.930,201.094,-3.164,8,13
173.7870,166.377,158.994,7.383,1,15,193.623,201.094,-7.471,-1,-15
173.8797,171.914,160.049,11.865,17,18,188.086,199.512,-11.426,-17,-17
173.9721,178.154,164.004,14.150,34,17,181.846,195.732,-13.887,-32,-18
174.0645,184.395,168.750,15.645,40,19,175.605,190.723,-15.117,-42,-19
174.1586,190.459,174.814,15.645,49,19,169.541,184.746,-15.205,-47,-18
174.2535,195.645,181.230,14.414,52,18,164.355,178.242,-13.887,-48,-18
174.3497,199.512,187.734,11.777,48,17,160.488,172.178,-11.689,-46,-18
174.4444,201.621,193.271,8.350,41,17,158.379,166.816,-8.438,-38,-17
174.5371,201.797,197.490,4.307,30,15,158.203,162.510,-4.307,-30,-15
174.6315,200.039,200.127,-0.088,18,13,159.961,159.785,0.176,-16,-14
174.7253,196.611,201.094,-4.482,4,0,163.389,159.170,4.219,-2,-13
174.8188,191.777,200.654,-8.877,-4,-15,168.223,159.346,8.877,2,15
174.9144,185.801,198.457,-12.656,-22,-18,174.199,161.279,12.920,24,19
175.0086,179.473,194.150,-14.678,-35,-19,180.527,165.938,14.590,39,18
175.1018,173.145,188.701,-15.557,-43,-19,186.855,171.299,15.557,45,20
175.1966,167.344,182.461,-15.117,-49,-18,192.656,177.451,15.205,49,21
175.2914,162.598,176.133,-13.535,-48,-18,197.402,184.219,13.184,52,17
175.3873,159.434,170.156,-10.723,-44,-17,200.566,190.195,10.371,45,16
175.4821,158.115,165.234,-7.119,-35,-15,201.885,195.205,6.680,36,15
175.5765,158.730,161.191,-2.461,-27,-14,201.270,198.984,2.285,25,14
175.6711,161.191,159.258,1.934,-10,-14,198.809,200.918,-2.109,12,14
175.7656,165.322,158.994,6.328,1,13,194.678,201.094,-6.416,0,-14
175.8583,170.596,159.521,11.074,10,17,189.404,200.039,-10.635,-12,-17
175.9531,176.836,163.037,13.799,33,17,183.164,196.611,-13.447,-30,-19
176.0467,183.164,167.783,15.381,37,19,176.836,191.777,-14.941,-40,-20
176.1446,189.580,173.936,15.645,49,20,170.420,185.537,-15.117,-48,-19
176.2471,195.381,180.703,14.678,51,18,164.619,178.770,-14.150,-47,-18
176.3506,199.512,187.734,11.777,47,16,160.488,172.178,-11.689,-46,-18
176.4496,201.621,193.535,8.086,41,16,158.379,166.641,-8.262,-37,-17
176.5478,201.709,197.754,3.955,29,14,158.291,162.158,-3.867,-28,-15
176.6424,199.775,200.303,-0.527,17,14,160.225,159.697,0.527,-14,-14
176.7371,196.084,201.006,-4.922,2,-12,163.916,159.258,4.658,0,-12
176.8314,191.074,200.566,-9.492,-5,-16,168.926,159.346,9.580,2,17
176.9252,185.098,198.018,-12.920,-24,-17,174.902,161.631,13.271,26,19
177.0184,178.770,193.623,-14.854,-38,-18,181.230,166.377,14.854,40,19
177.1132,172.354,187.998,-15.645,-44,-20,187.646,171.914,15.732,46,20
177.2094,166.641,181.494,-14.854,-49,-18,193.359,178.330,15.029,50,20
177.3080,161.982,174.990,-13.008,-47,-18,198.018,185.361,12.656,52,16
177.4029,159.082,169.189,-10.107,-42,-18,200.918,191.162,9.756,43,16
177.4962,158.115,164.619,-6.504,-35,-16,201.885,195.820,6.064,34,15
177.5896,158.906,160.752,-1.846,-25,-14,201.094,199.336,1.758,23,14
177.6846,161.631,159.082,2.549,-7,-13,198.369,201.006,-2.637,10,13
177.7769,165.850,158.994,6.855,2,14,194.150,201.094,-6.943,-1,-14
177.8703,171.299,159.785,11.514,14,17,188.701,199.775,-11.074,-14,-17
177.9649,177.627,163.652,13.975,34,17,182.373,196.084,-13.711,-32,-18
178.0584,183.955,168.398,15.557,39,19,176.045,191.074,-15.029,-41,-19
178.1520,190.020,174.375,15.645,49,19,169.980,185.273,-15.293,-48,-19
178.2457,195.293,180.615,14.678,51,18,164.707,178.857,-14.150,-48,-18
178.3407,199.248,187.031,12.217,48,17,160.752,172.617,-11.865,-47,-19
178.4364,201.533,192.920,8.613,42,16,158.467,167.168,-8.701,-39,-16
178.5312,201.797,197.314,4.482,31,15,158.203,162.686,-4.482,-30,-16
178.6247,200.303,200.039,0.264,19,13,159.697,160.049,-0.352,-17,-15
178.7196,196.875,201.006,-4.131,4,12,163.125,159.258,3.867,-1,-13
178.8123,192.217,200.742,-8.525,-2,-16,167.783,159.346,8.438,2,15
178.9058,186.328,198.721,-12.393,-21,-18,173.672,160.840,12.832,21,20
178.9977,180.088,194.766,-14.678,-34,-19,179.912,165.234,14.678,38,19
179.0900,173.936,189.404,-15.469,-43,-19,186.064,170.508,15.557,45,19
179.1852,167.959,183.164,-15.205,-49,-18,192.041,176.572,15.469,49,19
179.2773,163.213,176.924,-13.711,-48,-18,196.787,183.164,13.623,51,18
179.3702,159.873,171.035,-11.162,-44,-17,200.127,189.316,10.811,48,16
179.4648,158.203,166.025,-7.822,-35,-16,201.797,194.414,7.383,38,16
179.5578,158.467,161.807,-3.340,-29,-14,201.533,198.457,3.076,28,14
179.6521,160.576,159.346,1.230,-13,-13,199.424,200.654,-1.230,15,14
179.7464,164.355,158.994,5.361,0,12,195.645,201.094,-5.449,2,-12
179.8398,169.453,159.082,10.371,2,18,190.547,200.479,-9.932,-9,-18
179.9336,175.518,162.158,13.359,31,17,184.482,197.578,-13.096,-26,-17
180.0263,181.758,166.729,15.029,37,19,178.242,192.920,-14.678,-37,-19
180.1217,188.174,172.441,15.732,47,19,171.826,187.119,-15.293,-47,-18
180.2158,193.711,178.594,15.117,48,18,166.289,180.879,-14.590,-50,-18
180.3088,198.105,185.010,13.096,51,17,161.895,174.727,-12.832,-45,-19
180.4026,200.918,190.898,10.020,44,16,159.082,169.014,-9.932,-43,-17
180.4948,201.885,195.732,6.152,35,15,158.115,164.268,-6.152,-36,-17
180.5870,201.094,198.984,2.109,23,14,158.906,160.928,-2.021,-21,-15
180.6804,198.457,200.830,-2.373,10,12,161.543,159.346,2.197,-7,-14
180.7736,194.326,200.918,-6.592,-1,-14,165.674,159.346,6.328,1,14
180.8675,188.877,199.863,-10.986,-13,-16,171.123,159.697,11.426,7,19
180.9606,182.637,196.523,-13.887,-29,-18,177.363,163.301,14.062,33,18
181.0550,176.309,191.602,-15.293,-41,-18,183.691,168.311,15.381,40,19
181.1476,170.244,185.713,-15.469,-47,-19,189.756,174.111,15.645,47,20
181.2407,164.971,179.385,-14.414,-49,-18,195.029,180.527,14.502,53,18
181.3347,160.928,173.232,-12.305,-46,-18,199.072,186.943,12.129,49,16
181.4274,158.643,167.783,-9.141,-40,-17,201.357,192.568,8.789,42,16
181.5198,158.115,163.477,-5.361,-33,-15,201.885,197.051,4.834,33,15
181.6133,159.434,160.049,-0.615,-21,-15,200.566,199.863,0.703,19,14
181.7062,162.510,158.906,3.604,-5,-13,197.490,201.182,-3.691,7,13
181.7992,167.080,158.994,8.086,1,15,192.920,201.006,-8.086,-3,-15
181.8925,172.793,160.488,12.305,20,18,187.207,199.160,-11.953,-19,-18
181.9871,179.121,164.795,14.326,36,17,180.879,194.941,-14.062,-35,-18
182.0807,185.449,169.805,15.645,42,18,174.551,189.756,-15.205,-43,-18
182.1745,191.426,175.957,15.469,50,19,168.574,183.691,-15.117,-47,-19
182.2688,196.348,182.285,14.062,52,17,163.652,177.275,-13.623,-49,-17
182.3619,199.863,188.438,11.426,46,17,160.137,171.475,-11.338,-44,-18
182.4544,201.709,193.799,7.910,41,15,158.291,166.377,-8.086,-37,-18
182.5460,201.709,197.754,3.955,28,15,158.291,162.158,-3.867,-28,-15
182.6394,199.863,200.215,-0.352,17,13,160.137,159.697,0.439,-15,-14
182.7331,196.260,201.006,-4.746,3,-12,163.740,159.258,4.482,0,-12
182.8261,191.338,200.566,-9.229,-4,-15,168.662,159.346,9.316,2,16
182.9217,185.273,198.105,-12.832,-24,-18,174.727,161.367,13.359,25,20
183.0153,178.945,193.799,-14.854,-37,-20,181.055,166.201,14.854,40,19
183.1081,172.705,188.174,-15.469,-44,-19,187.295,171.650,15.645,46,19
183.2027,166.992,181.934,-14.941,-49,-19,193.008,177.891,15.117,50,18
183.2966,162.422,175.693,-13.271,-48,-19,197.578,184.570,13.008,52,17
183.3893,159.346,169.980,-10.635,-43,-17,200.654,190.371,10.283,44,16
183.4836,158.115,165.146,-7.031,-34,-16,201.885,195.293,6.592,36,14
183.5829,158.818,161.016,-2.197,-26,-15,201.182,199.160,2.021,24,14
183.6753,161.279,159.170,2.109,-9,-13,198.721,200.918,-2.197,11,12
183.7690,165.498,158.994,6.504,2,13,194.502,201.094,-6.592,-1,-14
183.8637,170.947,159.609,11.338,11,17,189.053,199.863,-10.811,-13,-17
183.9564,177.012,163.301,13.711,33,18,182.988,196.436,-13.447,-31,-18
184.0500,183.428,168.047,15.381,38,19,176.572,191.426,-14.854,-41,-18
184.1433,189.492,173.848,15.645,48,19,170.508,185.625,-15.117,-48,-18
184.2363,194.766,180.000,14.766,52,18,165.234,179.473,-14.238,-48,-19
184.3292,198.809,186.416,12.393,50,16,161.191,173.408,-12.217,-47,-18
184.4227,201.270,192.041,9.229,42,16,158.730,167.959,-9.229,-42,-16
184.5153,201.885,196.611,5.273,34,15,158.115,163.477,-5.361,-33,-15
184.6079,200.654,199.600,1.055,20,13,159.346,160.400,-1.055,-19,-15
184.7012,197.666,200.918,-3.252,7,13,162.334,159.258,3.076,-4,-13
184.7962,193.096,200.830,-7.734,-1,-15,166.904,159.258,7.646,1,14
184.8888,187.471,199.336,-11.865,-17,-17,172.529,160.312,12.217,16,18
184.9821,181.230,195.557,-14.326,-33,-18,178.770,164.443,14.326,36,18
185.0747,174.902,190.371,-15.469,-42,-19,185.098,169.453,15.645,43,19
185.1678,169.014,184.395,-15.381,-48,-19,190.986,175.518,15.469,49,19
185.2605,164.004,178.154,-14.150,-48,-19,195.996,182.021,13.975,53,18
185.3538,160.312,172.090,-11.777,-46,-17,199.688,188.350,11.338,48,16
185.4477,158.379,166.904,-8.525,-38,-16,201.621,193.535,8.086,40,16
185.5403,158.203,162.510,-4.307,-31,-15,201.797,197.754,4.043,30,13
185.6345,159.961,159.697,0.264,-16,-14,200.039,200.391,-0.352,17,13
185.7293,163.564,158.906,4.658,-2,11,196.436,201.182,-4.746,3,-12
185.8225,168.398,158.994,9.404,1,17,191.602,200.742,-9.141,-6,-16
185.9158,174.287,161.455,12.832,27,17,185.713,198.281,-12.568,-23,-17
186.0092,180.615,165.938,14.678,37,18,179.385,193.887,-14.502,-35,-18
186.1028,186.943,171.211,15.732,44,20,173.057,188.350,-15.293,-43,-19
186.1981,192.744,177.363,15.381,45,19,167.256,182.021,-14.766,-50,-18
186.2914,197.402,183.867,13.535,52,17,162.598,175.957,-13.359,-46,-18
186.3861,200.566,189.844,10.723,45,17,159.434,170.068,-10.635,-43,-17
186.4866,201.885,195.293,6.592,36,16,158.115,164.707,-6.592,-36,-16
186.5791,201.270,198.809,2.461,25,14,158.730,161.104,-2.373,-23,-15
186.6739,198.721,200.742,-2.021,11,13,161.279,159.346,1.934,-8,-14
186.7679,194.590,200.918,-6.328,-1,-14,165.410,159.258,6.152,0,13
186.8622,189.141,199.951,-10.811,-12,-16,170.859,159.609,11.250,5,19
186.9556,182.988,196.787,-13.799,-28,-18,177.012,162.949,14.062,32,18
187.0484,176.748,191.953,-15.205,-40,-18,183.252,167.959,15.293,40,18
187.1415,170.596,186.152,-15.557,-47,-19,189.404,173.760,15.645,46,20
187.2358,165.234,179.648,-14.414,-49,-18,194.766,180.264,14.502,52,18
187.3314,161.104,173.496,-12.393,-46,-17,198.896,186.855,12.041,50,16
187.4389,158.467,167.256,-8.789,-38,-16,201.533,193.184,8.350,40,16
187.5318,158.203,162.949,-4.746,-31,-15,201.797,197.402,4.395,31,15
187.6264,159.785,159.961,-0.176,-19,-14,200.215,200.127,0.088,18,13
187.7198,163.125,158.906,4.219,-4,1,196.875,201.182,-4.307,5,-8
187.8144,167.959,158.994,8.965,1,17,192.041,200.830,-8.789,-4,-16
187.9068,173.672,161.016,12.656,24,17,186.328,198.545,-12.217,-22,-17
188.0011,180.000,165.586,14.414,37,17,180.000,194.238,-14.238,-35,-18
188.0938,186.328,170.684,15.645,44,19,173.672,188.965,-15.293,-43,-19
188.1875,192.129,176.660,15.469,47,20,167.871,182.900,-15.029,-47,-19
188.2819,196.963,183.164,13.799,52,17,163.037,176.484,-13.447,-48,-18
188.3754,200.303,189.229,11.074,46,16,159.697,170.684,-10.986,-43,-18
188.4691,201.797,194.414,7.383,38,15,158.203,165.586,-7.383,-36,-17
188.5646,201.445,198.369,3.076,27,15,158.555,161.543,-2.988,-25,-15
188.6574,199.336,200.566,-1.230,14,12,160.664,159.521,1.143,-11,-14
188.7859,193.623,200.918,-7.295,0,-14,166.377,159.346,7.031,0,14
188.8800,188.086,199.863,-11.777,-13,-17,171.914,159.697,12.217,6,20
188.9726,181.846,196.348,-14.502,-33,-19,178.154,163.477,14.678,36,20
189.0648,175.605,190.986,-15.381,-43,-19,184.395,168.838,15.557,44,19
189.1576,169.629,185.010,-15.381,-48,-19,190.371,174.814,15.557,48,20
189.2512,164.443,178.682,-14.238,-49,-18,195.557,181.318,14.238,53,18
189.3438,160.664,172.617,-11.953,-46,-18,199.336,187.559,11.777,49,16
189.4371,158.467,167.344,-8.877,-39,-16,201.533,193.096,8.438,42,15
189.5312,158.203,162.949,-4.746,-32,-15,201.797,197.402,4.395,31,15
189.6238,159.697,159.873,-0.176,-19,-14,200.303,200.127,0.176,18,14
189.7183,163.037,158.906,4.131,-4,-1,196.963,201.182,-4.219,5,2
189.8105,167.695,158.994,8.701,1,16,192.305,200.830,-8.525,-4,-15
189.9023,173.408,160.840,12.568,23,16,186.592,198.809,-12.217,-21,-18
189.9957,179.736,165.146,14.590,36,17,180.264,194.502,-14.238,-35,-18
190.0891,186.064,170.332,15.732,43,18,173.936,189.141,-15.205,-44,-18
190.1819,191.865,176.396,15.469,49,20,168.135,183.164,-15.029,-47,-19
190.2738,196.611,182.725,13.887,52,17,163.389,176.924,-13.535,-50,-18
190.3680,200.039,188.965,11.074,46,16,159.961,171.035,-11.074,-43,-18
190.4629,201.797,194.326,7.471,39,16,158.203,165.850,-7.646,-36,-16
190.5552,201.621,198.105,3.516,27,14,158.379,161.895,-3.516,-27,-16
190.6478,199.600,200.391,-0.791,15,13,160.400,159.609,0.791,-14,-15
190.7413,195.908,201.006,-5.098,1,-12,164.092,159.258,4.834,-1,3
190.8345,190.898,200.479,-9.580,-6,-16,169.102,159.346,9.756,2,17
190.9263,185.010,198.018,-13.008,-24,-19,174.990,161.631,13.359,26,18
191.0196,178.682,193.623,-14.941,-37,-19,181.318,166.377,14.941,40,19
191.1132,172.354,187.998,-15.645,-44,-19,187.646,171.914,15.732,46,19
191.2063,166.816,181.758,-14.941,-50,-19,193.184,178.154,15.029,50,19
191.2983,162.334,175.518,-13.184,-48,-18,197.666,184.746,12.920,52,18
191.3933,159.258,169.805,-10.547,-42,-17,200.742,190.635,10.107,44,16
191.4861,158.115,165.059,-6.943,-35,-16,201.885,195.469,6.416,35,15
191.5792,158.730,161.104,-2.373,-27,-14,201.270,199.072,2.197,25,14
191.6713,161.191,159.170,2.021,-11,-13,198.809,200.918,-2.109,11,14
191.7643,165.234,158.994,6.240,2,13,194.766,201.094,-6.328,1,-14
191.8564,170.420,159.434,10.986,9,17,189.580,200.039,-10.459,-12,-18
191.9486,176.484,162.861,13.623,33,17,183.516,196.787,-13.271,-29,-18
192.0417,182.812,167.520,15.293,37,17,177.188,192.041,-14.854,-39,-18
192.1367,189.141,173.320,15.820,48,20,170.859,186.064,-15.205,-48,-19
192.2309,194.502,179.648,14.854,51,19,165.498,179.912,-14.414,-48,-18
192.3257,198.721,186.240,12.480,50,17,161.279,173.672,-12.393,-47,-18
192.4192,201.182,191.865,9.316,42,16,158.818,168.135,-9.316,-41,-17
192.5118,201.885,196.523,5.361,34,15,158.115,163.564,-5.449,-34,-16
192.6047,200.742,199.512,1.230,20,14,159.258,160.488,-1.230,-19,-15
192.6985,197.754,200.918,-3.164,8,13,162.246,159.346,2.900,-2,-15
192.7920,193.271,200.918,-7.646,-1,-14,166.729,159.346,7.383,0,15
192.8859,187.646,199.424,-11.777,-17,-17,172.354,160.137,12.217,14,19
192.9793,181.406,195.732,-14.326,-32,-18,178.594,164.180,14.414,36,19
193.0713,175.166,190.547,-15.381,-42,-19,184.834,169.365,15.469,43,19
193.1646,169.189,184.570,-15.381,-48,-18,190.811,175.342,15.469,49,19
193.2595,164.092,178.154,-14.062,-49,-19,195.908,181.934,13.975,52,18
193.3519,160.400,172.266,-11.865,-46,-18,199.600,188.086,11.514,48,16
193.4447,158.379,166.904,-8.525,-38,-16,201.621,193.447,8.174,40,16
193.5371,158.203,162.598,-4.395,-31,-15,201.797,197.666,4.131,31,15
193.6304,159.873,159.785,0.088,-17,-13,200.127,200.303,-0.176,18,13
193.7234,163.301,158.906,4.395,-3,4,196.699,201.182,-4.482,4,-9
193.8310,168.926,158.994,9.932,1,17,191.074,200.566,-9.492,-7,-16
193.9245,174.902,161.631,13.271,27,17,185.098,198.018,-12.920,-24,-18
194.0201,181.318,166.377,14.941,38,18,178.682,193.447,-14.766,-36,-18
194.1140,187.646,171.826,15.820,47,19,172.354,187.646,-15.293,-45,-19
194.2092,193.359,178.066,15.293,45,19,166.641,181.318,-14.678,-50,-18
194.3026,197.842,184.570,13.271,51,17,162.158,175.166,-13.008,-45,-19
194.3980,200.830,190.547,10.283,45,16,159.170,169.277,-10.107,-43,-17
194.4915,201.885,195.645,6.240,36,14,158.115,164.443,-6.328,-36,-16
194.5864,201.094,199.072,2.021,22,14,158.906,160.928,-2.021,-21,-16
194.6812,198.457,200.742,-2.285,10,12,161.543,159.346,2.197,-7,-14
194.7741,194.238,200.918,-6.680,0,-14,165.762,159.258,6.504,0,13
194.8683,188.789,199.863,-11.074,-13,-17,171.211,159.785,11.426,9,20
194.9613,182.637,196.436,-13.799,-30,-18,177.363,163.389,13.975,33,19
195.0551,176.221,191.514,-15.293,-40,-19,183.779,168.311,15.469,41,19
195.1516,169.980,185.449,-15.469,-47,-19,190.020,174.375,15.645,47,20
195.2463,164.707,179.033,-14.326,-49,-18,195.293,181.055,14.238,54,18
195.3417,160.752,172.793,-12.041,-47,-18,199.248,187.559,11.689,49,17
195.4352,158.555,167.432,-8.877,-39,-17,201.445,192.920,8.525,40,15
195.5286,158.203,163.037,-4.834,-31,-15,201.797,197.227,4.570,32,15
195.6228,159.697,159.961,-0.264,-19,-13,200.303,200.039,0.264,19,14
195.7176,163.037,158.994,4.043,-3,-7,196.963,201.094,-4.131,3,1
195.8114,167.783,158.994,8.789,1,17,192.217,200.830,-8.613,-5,-16
195.9053,173.584,161.016,12.568,23,17,186.416,198.633,-12.217,-21,-18
196.0005,180.000,165.586,14.414,36,18,180.000,194.238,-14.238,-35,-18
196.0963,186.504,170.771,15.732,44,20,173.496,188.789,-15.293,-43,-18
196.1912,192.393,176.836,15.557,46,19,167.607,182.637,-15.029,-49,-19
196.2854,197.139,183.516,13.623,52,17,162.861,176.309,-13.447,-47,-18
196.3814,200.391,189.668,10.723,46,16,159.609,170.244,-10.635,-43,-17
196.4751,201.885,194.854,7.031,37,16,158.115,165.234,-7.119,-35,-17
196.5695,201.445,198.545,2.900,25,14,158.555,161.455,-2.900,-24,-16
196.6643,199.072,200.566,-1.494,13,12,160.928,159.434,1.494,-11,-14
196.7586,195.029,200.918,-5.889,0,-14,164.971,159.258,5.713,0,13
196.8532,189.756,200.215,-10.459,-9,-17,170.244,159.521,10.723,3,19
196.9494,183.428,197.051,-13.623,-28,-17,176.572,162.686,13.887,31,19
197.0445,177.012,192.217,-15.205,-39,-18,182.988,167.783,15.205,40,19
197.1387,170.771,186.328,-15.557,-47,-19,189.229,173.584,15.645,47,19
197.2336,165.322,179.912,-14.590,-49,-18,194.678,180.000,14.678,52,18
197.3274,161.191,173.760,-12.568,-46,-18,198.809,186.592,12.217,50,16
197.4212,158.730,168.223,-9.492,-41,-17,201.270,192.217,9.053,42,16
197.5142,158.115,163.740,-5.625,-33,-15,201.885,196.699,5.186,33,15
197.6078,159.346,160.312,-0.967,-21,-14,200.654,199.775,0.879,20,14
197.7027,162.334,158.994,3.340,-5,-13,197.666,201.094,-3.428,6,13
197.7951,166.816,158.994,7.822,1,16,193.184,201.006,-7.822,-1,-15
197.8878,172.441,160.312,12.129,19,18,187.559,199.248,-11.689,-19,-18
197.9832,178.857,164.619,14.238,35,17,181.143,195.205,-14.062,-34,-19
198.0765,185.186,169.541,15.645,42,20,174.814,189.932,-15.117,-43,-19
198.1687,191.074,175.518,15.557,50,19,168.926,184.131,-15.205,-45,-19
198.2624,196.084,181.846,14.238,52,17,163.916,177.715,-13.799,-50,-19
198.3572,199.775,188.174,11.602,46,17,160.225,171.650,-11.426,-45,-18
198.4525,201.709,193.711,7.998,41,16,158.291,166.377,-8.086,-37,-16
198.5451,201.709,197.754,3.955,29,15,158.291,162.158,-3.867,-27,-15
198.6380,199.863,200.215,-0.352,17,13,160.137,159.785,0.352,-15,-14
198.7308,196.436,201.006,-4.570,3,-9,163.564,159.170,4.395,-1,-13
198.8239,191.514,200.742,-9.229,-3,-16,168.486,159.346,9.141,2,16
198.9208,185.361,198.281,-12.920,-23,-17,174.639,161.455,13.184,25,19
199.0143,179.033,193.887,-14.854,-37,-18,180.967,166.201,14.766,40,18
199.1082,172.705,188.350,-15.645,-43,-18,187.295,171.738,15.557,45,19
199.2033,166.904,181.934,-15.029,-49,-18,193.096,177.979,15.117,49,19
199.2981,162.334,175.605,-13.271,-48,-18,197.666,184.746,12.920,52,17
199.3927,159.346,169.805,-10.459,-43,-17,200.654,190.635,10.020,44,16
199.4860,158.115,164.971,-6.855,-35,-15,201.885,195.469,6.416,35,16
199.5810,158.818,161.104,-2.285,-26,-14,201.182,199.160,2.021,24,14
199.6748,161.279,159.170,2.109,-10,-13,198.721,201.006,-2.285,11,13
199.7693,165.498,158.994,6.504,1,13,194.502,201.094,-6.592,-1,-14
199.8648,170.947,159.697,11.250,13,17,189.053,199.863,-10.811,-14,-18
199.9573,177.100,163.389,13.711,33,16,182.900,196.348,-13.447,-31,-20
200.0512,183.516,168.047,15.469,38,18,176.484,191.426,-14.941,-41,-18
200.1452,189.668,173.936,15.732,48,20,170.332,185.537,-15.205,-48,-18
200.2391,194.941,180.176,14.766,52,17,165.059,179.385,-14.326,-47,-19
200.3325,198.984,186.592,12.393,50,17,161.016,173.232,-12.217,-48,-18
200.4254,201.357,192.217,9.141,42,16,158.643,167.783,-9.141,-41,-17
200.5186,201.885,196.699,5.186,33,15,158.115,163.301,-5.186,-33,-16
200.6123,200.566,199.688,0.879,20,13,159.434,160.312,-0.879,-19,-15
200.7055,197.490,201.006,-3.516,7,13,162.510,159.258,3.252,-3,-13
200.7999,192.832,200.830,-7.998,-2,-15,167.168,159.258,7.910,1,15
200.8929,187.207,199.248,-12.041,-18,-18,172.793,160.400,12.393,17,19
200.9858,180.967,195.293,-14.326,-33,-18,179.033,164.531,14.502,37,19
201.0776,174.727,190.107,-15.381,-42,-18,185.273,169.805,15.469,44,19
201.1704,168.838,184.131,-15.293,-47,-18,191.162,175.781,15.381,49,20
201.2650,163.828,177.715,-13.887,-48,-19,196.172,182.461,13.711,52,18
201.3581,160.225,171.738,-11.514,-45,-18,199.775,188.613,11.162,48,17
201.4528,158.291,166.641,-8.350,-36,-16,201.709,193.887,7.822,39,16
201.5465,158.291,162.334,-4.043,-30,-14,201.709,198.018,3.691,29,14
201.6399,160.137,159.609,0.527,-15,-14,199.863,200.479,-0.615,17,13
201.7359,163.828,158.906,4.922,-2,12,196.172,201.182,-5.010,2,-12
201.8302,168.838,159.082,9.756,1,17,191.162,200.654,-9.492,-7,-16
201.9233,174.814,161.631,13.184,28,17,185.186,198.105,-12.920,-24,-17
202.0182,181.230,166.289,14.941,37,18,178.770,193.447,-14.678,-37,-17
202.1126,187.559,171.826,15.732,47,18,172.441,187.734,-15.293,-45,-18
202.2056,193.184,177.803,15.381,45,19,166.816,181.582,-14.766,-50,-19
202.2994,197.666,184.395,13.271,51,16,162.334,175.430,-13.096,-45,-19
202.3927,200.654,190.283,10.371,45,17,159.346,169.629,-10.283,-42,-17
202.4869,201.885,195.381,6.504,36,15,158.115,164.707,-6.592,-36,-16
202.5812,201.182,198.809,2.373,24,14,158.818,161.104,-2.285,-23,-14
202.6759,198.633,200.654,-2.021,11,12,161.367,159.346,2.021,-8,-14
202.7700,194.502,200.918,-6.416,-1,-14,165.498,159.258,6.240,0,13
202.8634,189.141,199.951,-10.811,-12,-17,170.859,159.697,11.162,6,19
202.9566,182.900,196.699,-13.799,-29,-19,177.100,163.037,14.062,32,18
203.0512,176.484,191.777,-15.293,-41,-19,183.516,168.135,15.381,40,18
203.1447,170.420,185.889,-15.469,-47,-19,189.580,173.936,15.645,47,20
203.2378,165.146,179.561,-14.414,-49,-18,194.854,180.439,14.414,53,17
203.3329,161.016,173.320,-12.305,-47,-17,198.984,186.943,12.041,49,15
203.4282,158.643,167.783,-9.141,-39,-17,201.357,192.568,8.789,42,16
203.5220,158.115,163.389,-5.273,-32,-14,201.885,197.051,4.834,33,15
203.6179,159.521,160.049,-0.527,-19,-14,200.479,200.039,0.439,19,14
203.7125,162.773,158.906,3.867,-4,-12,197.227,201.182,-3.955,5,12
203.8053,167.432,158.994,8.438,1,16,192.568,200.918,-8.350,-3,-15
203.8991,173.232,160.752,12.480,23,17,186.768,198.896,-12.129,-20,-18
203.9929,179.561,165.146,14.414,36,17,180.439,194.678,-14.238,-35,-18
204.0868,185.889,170.244,15.645,43,19,174.111,189.229,-15.117,-43,-19
204.1815,191.777,176.396,15.381,49,18,168.223,183.164,-14.941,-47,-19
204.2764,196.699,182.900,13.799,52,16,163.301,176.836,-13.535,-48,-19
204.3702,200.127,188.965,11.162,46,16,159.873,170.947,-11.074,-44,-18
204.4646,201.797,194.326,7.471,39,15,158.203,165.762,-7.559,-36,-17
204.5598,201.533,198.281,3.252,27,13,158.467,161.719,-3.252,-26,-16
204.6539,199.424,200.479,-1.055,15,13,160.576,159.521,1.055,-12,-14
204.7494,195.557,201.006,-5.449,-1,-12,164.443,159.258,5.186,0,12
204.8432,190.371,200.391,-10.020,-7,-17,169.629,159.434,10.195,3,18
204.9369,184.307,197.666,-13.359,-25,-18,175.693,162.070,13.623,28,19
205.0319,177.803,193.008,-15.205,-38,-19,182.197,166.992,15.205,40,18
205.1253,171.650,187.207,-15.557,-46,-19,188.350,172.617,15.732,45,21
205.2196,166.025,180.879,-14.854,-49,-18,193.975,179.033,14.941,52,18
205.3131,161.719,174.639,-12.920,-47,-18,198.281,185.625,12.656,51,17
205.4074,158.994,169.014,-10.020,-41,-17,201.006,191.514,9.492,43,17
205.5038,158.115,164.180,-6.064,-34,-15,201.885,196.260,5.625,34,15
205.5979,159.082,160.576,-1.494,-23,-14,200.918,199.600,1.318,21,14
205.6922,161.982,158.994,2.988,-6,-13,198.018,201.094,-3.076,8,13
205.7868,166.377,158.994,7.383,2,14,193.623,201.006,-7.383,-2,-15
205.8812,172.002,160.049,11.953,17,18,187.998,199.336,-11.338,-18,-17
205.9747,178.330,164.180,14.150,34,17,181.670,195.469,-13.799,-33,-19
206.0701,184.746,169.102,15.645,41,19,175.254,190.371,-15.117,-42,-18
206.1656,190.898,175.342,15.557,50,19,169.102,184.307,-15.205,-46,-18
206.2598,195.996,181.670,14.326,52,17,164.004,177.891,-13.887,-50,-17
206.3534,199.600,187.822,11.777,47,17,160.400,172.002,-11.602,-45,-18
206.4484,201.621,193.535,8.086,41,16,158.379,166.641,-8.262,-38,-17
206.5419,201.709,197.578,4.131,29,14,158.291,162.334,-4.043,-29,-16
206.6366,199.951,200.127,-0.176,18,13,160.049,159.785,0.264,-15,-15
206.7297,196.436,201.006,-4.570,3,-4,163.564,159.258,4.307,0,-14
206.8232,191.514,200.742,-9.229,-3,-16,168.486,159.346,9.141,2,16
206.9180,185.537,198.369,-12.832,-23,-17,174.463,161.367,13.096,25,19
207.0109,179.297,194.062,-14.766,-37,-18,180.703,166.025,14.678,40,19
207.1047,172.969,188.525,-15.557,-43,-19,187.031,171.475,15.557,45,20
207.2000,167.168,182.197,-15.029,-49,-18,192.832,177.715,15.117,49,18
207.2943,162.510,175.869,-13.359,-48,-17,197.490,184.395,13.096,52,17
207.3896,159.346,169.980,-10.635,-43,-16,200.654,190.371,10.283,44,17
207.4837,158.115,165.146,-7.031,-34,-16,201.885,195.293,6.592,36,14
207.5772,158.730,161.191,-2.461,-27,-14,201.270,199.072,2.197,25,14
207.6705,161.191,159.170,2.021,-11,-13,198.809,200.918,-2.109,11,13
207.7648,165.234,158.994,6.240,2,14,194.766,201.182,-6.416,1,-14
207.8583,170.596,159.434,11.162,9,17,189.404,199.951,-10.547,-13,-16
207.9531,176.836,163.037,13.799,33,16,183.164,196.611,-13.447,-30,-18
208.0468,183.164,167.871,15.293,37,18,176.836,191.689,-14.854,-40,-19
208.1415,189.404,173.672,15.732,48,19,170.596,185.713,-15.117,-48,-18
208.2361,194.766,180.000,14.766,52,18,165.234,179.473,-14.238,-48,-19
208.3324,198.984,186.504,12.480,48,18,161.016,173.232,-12.217,-47,-18
208.4257,201.357,192.217,9.141,42,16,158.643,167.695,-9.053,-41,-17
208.5196,201.885,196.787,5.098,33,15,158.115,163.213,-5.098,-32,-16
208.6129,200.566,199.688,0.879,20,13,159.434,160.225,-0.791,-18,-15
208.7067,197.490,201.006,-3.516,7,12,162.510,159.258,3.252,-2,-14
208.8021,192.744,200.830,-8.086,-2,-15,167.256,159.258,7.998,0,16
208.8969,186.943,199.072,-12.129,-19,-17,173.057,160.488,12.568,18,19
208.9914,180.527,195.029,-14.502,-34,-19,179.473,164.883,14.590,37,20
209.0851,174.199,189.668,-15.469,-42,-18,185.801,170.244,15.557,44,19
209.1796,168.311,183.516,-15.205,-48,-18,191.689,176.396,15.293,49,19
209.2748,163.301,177.100,-13.799,-48,-17,196.699,183.076,13.623,52,18
209.3691,159.873,171.123,-11.250,-45,-18,200.127,189.229,10.898,48,17
209.4628,158.203,166.113,-7.910,-36,-16,201.797,194.414,7.383,38,16
209.5552,158.379,161.895,-3.516,-30,-14,201.621,198.369,3.252,28,14
209.6476,160.400,159.434,0.967,-14,-13,199.600,200.566,-0.967,15,13
209.7403,164.004,158.906,5.098,0,13,195.996,201.182,-5.186,2,-13
209.8496,170.068,159.346,10.723,6,17,189.932,200.215,-10.283,-10,-16
209.9425,176.133,162.422,13.711,30,17,183.867,197.227,-13.359,-27,-18
210.0359,182.461,167.080,15.381,37,19,177.539,192.480,-14.941,-38,-19
210.1297,188.701,172.881,15.820,48,19,171.299,186.504,-15.205,-49,-18
210.2236,194.150,179.121,15.029,50,18,165.850,180.264,-14.414,-49,-18
210.3180,198.457,185.625,12.832,51,17,161.543,174.111,-12.568,-46,-18
210.4103,201.094,191.426,9.668,44,16,158.906,168.574,-9.668,-42,-17
210.5030,201.885,196.172,5.713,35,15,158.115,163.916,-5.801,-36,-16
210.5973,200.918,199.336,1.582,22,14,159.082,160.576,-1.494,-21,-15
210.6896,198.105,200.918,-2.812,8,13,161.895,159.258,2.637,-4,-14
210.7846,193.711,200.918,-7.207,0,-14,166.289,159.258,7.031,1,13
210.8787,188.086,199.512,-11.426,-16,-17,171.914,160.049,11.865,12,20
210.9728,181.846,195.908,-14.062,-31,-18,178.154,163.916,14.238,35,19
211.0684,175.342,190.635,-15.293,-42,-19,184.658,169.277,15.381,43,19
211.1637,169.277,184.570,-15.293,-48,-18,190.723,175.254,15.469,48,19
211.2571,164.180,178.330,-14.150,-48,-18,195.820,181.758,14.062,52,18
211.3511,160.400,172.354,-11.953,-45,-18,199.600,187.998,11.602,48,16
211.4438,158.379,167.080,-8.701,-39,-17,201.621,193.447,8.174,41,16
211.5371,158.203,162.686,-4.482,-31,-15,201.797,197.666,4.131,31,15
211.6313,159.873,159.785,0.088,-17,-13,200.127,200.391,-0.264,18,14
211.7249,163.301,158.906,4.395,-2,3,196.699,201.270,-4.570,4,-12
211.8199,168.223,158.994,9.229,1,16,191.777,200.830,-9.053,-5,-16
211.9122,174.023,161.104,12.920,25,18,185.977,198.457,-12.480,-23,-18
212.0048,180.264,165.586,14.678,37,18,179.736,194.062,-14.326,-36,-18
212.0999,186.768,170.947,15.820,45,19,173.232,188.525,-15.293,-43,-18
212.1925,192.480,176.924,15.557,46,19,167.520,182.461,-14.941,-49,-19
212.2863,197.139,183.516,13.623,52,16,162.861,176.221,-13.359,-47,-18
212.3799,200.391,189.492,10.898,46,16,159.609,170.332,-10.723,-43,-18
212.4727,201.885,194.678,7.207,38,15,158.115,165.410,-7.295,-35,-16
212.5657,201.445,198.369,3.076,27,14,158.555,161.543,-2.988,-25,-15
212.6579,199.248,200.566,-1.318,14,13,160.752,159.521,1.230,-12,-14
212.7513,195.469,200.918,-5.449,0,-14,164.531,159.258,5.273,0,13
212.8447,190.283,200.391,-10.107,-8,-17,169.717,159.434,10.283,3,18
212.9369,184.307,197.578,-13.271,-25,-18,175.693,162.070,13.623,29,19
213.0322,177.803,193.008,-15.205,-38,-19,182.197,166.992,15.205,40,19
213.1249,171.650,187.295,-15.645,-45,-18,188.350,172.617,15.732,46,20
213.2179,166.113,181.055,-14.941,-50,-19,193.887,178.945,14.941,52,19
213.3110,161.807,174.814,-13.008,-47,-19,198.193,185.537,12.656,51,17
213.4046,159.082,169.014,-9.932,-42,-17,200.918,191.338,9.580,43,16
213.4988,158.115,164.443,-6.328,-34,-15,201.885,195.996,5.889,34,15
213.5917,158.994,160.752,-1.758,-24,-14,201.006,199.336,1.670,21,14
213.6847,161.631,159.170,2.461,-7,-13,198.369,201.006,-2.637,10,12
213.7776,165.938,158.994,6.943,0,14,194.062,201.094,-7.031,-1,-14
213.8714,171.387,160.049,11.338,15,16,188.613,199.775,-11.162,-15,-17
213.9671,177.803,163.828,13.975,33,17,182.197,195.996,-13.799,-33,-17
214.0585,183.955,168.486,15.469,39,18,176.045,191.074,-15.029,-42,-18
214.1522,190.107,174.375,15.732,48,19,169.893,185.186,-15.293,-48,-19
214.2441,195.205,180.439,14.766,52,18,164.795,179.033,-14.238,-48,-19
214.3367,199.072,186.768,12.305,49,16,160.928,172.969,-12.041,-48,-18
214.4305,201.445,192.480,8.965,42,16,158.555,167.432,-8.877,-40,-17
214.5254,201.885,196.963,4.922,31,15,158.115,162.949,-4.834,-31,-16
214.6196,200.391,199.863,0.527,20,14,159.609,160.049,-0.439,-18,-14
214.7138,197.139,201.094,-3.955,7,12,162.861,159.258,3.604,-2,-13
214.8067,192.480,200.742,-8.262,-2,-15,167.520,159.346,8.174,1,15
214.9035,186.504,198.809,-12.305,-21,-18,173.496,160.840,12.656,21,19
214.9980,180.088,194.766,-14.678,-34,-18,179.912,165.234,14.678,38,19
215.0917,173.760,189.316,-15.557,-42,-18,186.240,170.684,15.557,44,20
215.1866,167.871,182.988,-15.117,-49,-18,192.129,176.748,15.381,49,19
215.2812,163.037,176.660,-13.623,-47,-18,196.963,183.516,13.447,53,17
215.3754,159.697,170.771,-11.074,-44,-17,200.303,189.668,10.635,46,16
215.4705,158.203,165.674,-7.471,-35,-16,201.797,194.678,7.119,37,16
215.5653,158.555,161.543,-2.988,-28,-14,201.445,198.721,2.725,27,14
215.6591,160.752,159.346,1.406,-12,-13,199.248,200.742,-1.494,14,13
215.7531,164.619,158.994,5.625,0,13,195.381,201.182,-5.801,1,-14
215.8481,169.980,159.434,10.547,9,17,190.020,200.215,-10.195,-10,-15
215.9418,176.045,162.598,13.447,31,17,183.955,197.227,-13.271,-28,-18
216.0358,182.461,167.256,15.205,37,18,177.539,192.393,-14.854,-38,-19
216.1287,188.613,172.881,15.732,47,19,171.387,186.592,-15.205,-48,-18
216.2218,194.062,179.033,15.029,49,19,165.938,180.439,-14.502,-50,-18
216.3156,198.369,185.537,12.832,50,17,161.631,174.287,-12.656,-45,-18
216.4097,201.094,191.338,9.756,43,16,158.906,168.662,-9.756,-43,-17
216.5031,201.885,196.172,5.713,35,16,158.115,163.916,-5.801,-36,-17
216.5966,200.918,199.336,1.582,22,13,159.082,160.576,-1.494,-21,-15
216.6898,198.105,200.830,-2.725,8,12,161.895,159.258,2.637,-5,-14
216.7969,193.008,200.830,-7.822,-1,-14,166.992,159.258,7.734,0,15
216.8988,186.855,199.072,-12.217,-19,-16,173.145,160.576,12.568,18,18
216.9918,180.527,195.117,-14.590,-34,-19,179.473,164.795,14.678,37,19
217.0859,174.199,189.668,-15.469,-42,-19,185.801,170.244,15.557,45,19
217.1797,168.311,183.516,-15.205,-48,-18,191.689,176.309,15.381,49,21
217.2726,163.477,177.275,-13.799,-48,-18,196.523,182.900,13.623,52,18
217.3664,159.961,171.299,-11.338,-44,-18,200.039,189.053,10.986,47,17
217.4573,158.291,166.377,-8.086,-36,-16,201.709,194.062,7.646,39,15
217.5510,158.379,162.070,-3.691,-30,-15,201.621,198.193,3.428,29,14
217.6448,160.312,159.521,0.791,-14,-13,199.688,200.566,-0.879,16,13
217.7392,164.004,158.994,5.010,0,13,195.996,201.182,-5.186,2,-13
217.8356,169.189,159.258,9.932,4,16,190.811,200.479,-9.668,-9,-16
217.9289,175.166,162.070,13.096,29,17,184.834,197.754,-12.920,-25,-18
218.0218,181.494,166.553,14.941,37,18,178.506,193.184,-14.678,-36,-18
218.1158,187.734,171.914,15.820,46,19,172.266,187.471,-15.205,-46,-18
218.2092,193.359,178.066,15.293,46,19,166.641,181.230,-14.590,-49,-18
218.3036,197.842,184.658,13.184,51,17,162.158,175.166,-13.008,-44,-18
218.3976,200.830,190.547,10.283,45,16,159.170,169.365,-10.195,-43,-18
218.4914,201.885,195.557,6.328,36,16,158.115,164.531,-6.416,-36,-17
218.5848,201.182,198.984,2.197,24,15,158.818,160.928,-2.109,-22,-15
218.6787,198.545,200.742,-2.197,10,12,161.455,159.346,2.109,-7,-14
218.7718,194.414,200.918,-6.504,-2,-13,165.586,159.258,6.328,0,13
218.8819,187.910,199.600,-11.689,-16,-17,172.090,160.049,12.041,13,18
218.9739,181.758,196.084,-14.326,-30,-18,178.242,163.828,14.414,34,19
219.0674,175.430,190.811,-15.381,-43,-19,184.570,169.014,15.557,43,20
219.1597,169.453,184.922,-15.469,-48,-18,190.547,174.990,15.557,49,20
219.2651,163.828,177.715,-13.887,-48,-18,196.172,182.461,13.711,53,18
219.3590,160.225,171.826,-11.602,-44,-18,199.775,188.613,11.162,47,17
219.4522,158.291,166.729,-8.438,-37,-17,201.709,193.711,7.998,39,16
219.5464,158.291,162.334,-4.043,-31,-15,201.709,197.930,3.779,30,15
219.6375,160.049,159.697,0.352,-16,-14,199.951,200.391,-0.439,17,14
219.7274,163.477,158.906,4.570,-2,12,196.523,201.182,-4.658,3,-13
219.8204,168.311,158.994,9.316,1,16,191.689,200.742,-9.053,-6,-16
219.9142,174.199,161.279,12.920,26,18,185.801,198.369,-12.568,-23,-17
220.0069,180.439,165.850,14.590,37,17,179.561,193.975,-14.414,-35,-19
220.1018,186.855,171.123,15.732,44,18,173.145,188.438,-15.293,-43,-18
220.1942,192.568,177.100,15.469,45,19,167.432,182.373,-14.941,-49,-18
220.2879,197.227,183.691,13.535,52,18,162.773,176.133,-13.359,-46,-18
220.3823,200.479,189.668,10.811,46,16,159.521,170.244,-10.723,-43,-17
220.4758,201.885,194.854,7.031,37,15,158.115,165.234,-7.119,-36,-17
220.5723,201.357,198.633,2.725,26,14,158.643,161.367,-2.725,-24,-16
220.6666,198.984,200.654,-1.670,12,13,161.016,159.434,1.582,-10,-14
220.7591,195.029,200.918,-5.889,0,-13,164.971,159.170,5.801,0,13
220.8524,189.756,200.215,-10.459,-9,-16,170.244,159.521,10.723,4,18
220.9468,183.604,197.227,-13.623,-27,-18,176.396,162.686,13.711,30,19
221.0405,177.275,192.393,-15.117,-40,-18,182.725,167.520,15.205,40,19
221.1347,171.035,186.504,-15.469,-46,-19,188.965,173.232,15.732,46,21
221.2274,165.674,180.264,-14.590,-48,-18,194.326,179.648,14.678,52,18
221.3208,161.455,174.199,-12.744,-46,-18,198.545,186.152,12.393,51,17
221.4168,158.818,168.398,-9.580,-41,-17,201.182,191.953,9.229,43,16
221.5113,158.115,163.828,-5.713,-34,-16,201.885,196.523,5.361,33,15
221.6046,159.258,160.400,-1.143,-22,-13,200.742,199.688,1.055,20,14
221.6991,162.246,159.082,3.164,-4,-13,197.754,201.094,-3.340,7,13
221.7925,166.729,158.994,7.734,0,15,193.271,201.006,-7.734,-2,-14
221.8854,172.266,160.400,11.865,19,17,187.734,199.248,-11.514,-18,-18
221.9771,178.506,164.443,14.062,35,17,181.494,195.469,-13.975,-34,-18
222.0696,184.746,169.189,15.557,41,18,175.254,190.371,-15.117,-43,-18
222.1632,190.723,175.254,15.469,50,19,169.277,184.482,-15.205,-47,-19
222.2562,195.820,181.494,14.326,52,17,164.180,178.066,-13.887,-49,-18
222.3501,199.512,187.734,11.777,47,17,160.488,172.090,-11.602,-46,-18
222.4446,201.621,193.271,8.350,41,16,158.379,166.816,-8.438,-38,-16
222.5374,201.797,197.402,4.395,29,15,158.203,162.422,-4.219,-29,-16
222.6318,200.039,200.127,-0.088,18,13,159.961,159.873,0.088,-16,-15
222.7261,196.611,201.006,-4.395,4,0,163.389,159.170,4.219,-2,-13
222.8204,191.689,200.742,-9.053,-2,-17,168.311,159.346,8.965,2,16
222.9146,185.801,198.457,-12.656,-22,-17,174.199,161.191,13.008,24,19
223.0077,179.473,194.238,-14.766,-36,-19,180.527,165.850,14.678,39,19
223.1032,173.057,188.613,-15.557,-43,-19,186.943,171.387,15.557,45,20
223.1964,167.344,182.461,-15.117,-49,-18,192.656,177.451,15.205,49,19
223.2891,162.686,176.221,-13.535,-48,-19,197.314,184.043,13.271,52,17
223.3850,159.521,170.244,-10.723,-44,-18,200.479,190.195,10.283,45,16
223.4770,158.115,165.410,-7.295,-35,-16,201.885,195.029,6.855,36,16
223.5698,158.555,161.367,-2.812,-28,-14,201.445,198.809,2.637,25,13
223.6631,160.928,159.258,1.670,-12,-13,199.072,200.830,-1.758,13,14
223.7556,164.795,158.994,5.801,1,13,195.205,201.182,-5.977,0,-14
223.8489,169.980,159.346,10.635,6,17,190.020,200.303,-10.283,-11,-16
223.9405,175.957,162.510,13.447,31,17,184.043,197.227,-13.184,-28,-18
224.0339,182.285,167.080,15.205,36,18,177.715,192.480,-14.766,-38,-19
224.1274,188.525,172.705,15.820,48,19,171.475,186.768,-15.293,-48,-18
224.2213,194.062,178.945,15.117,49,18,165.938,180.527,-14.590,-49,-18
224.3180,198.457,185.713,12.744,50,17,161.543,174.111,-12.568,-46,-19
224.4115,201.094,191.426,9.668,43,16,158.906,168.486,-9.580,-43,-17
224.5047,201.885,196.172,5.713,34,15,158.115,163.828,-5.713,-35,-16
224.5992,200.830,199.336,1.494,21,14,159.170,160.576,-1.406,-20,-15
224.6923,198.018,200.830,-2.812,8,12,161.982,159.258,2.725,-5,-14
224.7864,193.623,200.830,-7.207,0,-14,166.377,159.258,7.119,0,14
224.8801,187.998,199.600,-11.602,-16,-17,172.002,160.049,11.953,13,19
224.9724,181.846,195.996,-14.150,-31,-19,178.154,163.916,14.238,35,19
225.0658,175.518,190.811,-15.293,-42,-19,184.482,169.102,15.381,42,18
225.1590,169.541,184.922,-15.381,-47,-18,190.459,174.990,15.469,48,20
225.2541,164.268,178.506,-14.238,-48,-18,195.732,181.582,14.150,52,18
225.3478,160.576,172.441,-11.865,-46,-18,199.424,187.910,11.514,49,16
225.4410,158.467,167.168,-8.701,-39,-16,201.533,193.271,8.262,41,16
225.5363,158.203,162.773,-4.570,-31,-16,201.797,197.666,4.131,31,16
225.6302,159.873,159.785,0.088,-17,-14,200.127,200.303,-0.176,17,14
225.7231,163.213,158.906,4.307,-4,10,196.787,201.182,-4.395,4,-9
225.8169,168.047,158.994,9.053,1,17,191.953,200.830,-8.877,-5,-16
225.9101,173.936,161.104,12.832,25,18,186.064,198.545,-12.480,-22,-18
226.0032,180.176,165.586,14.590,37,17,179.824,194.238,-14.414,-35,-18
226.0967,186.504,170.859,15.645,45,18,173.496,188.789,-15.293,-43,-18
226.1924,192.480,176.924,15.557,46,19,167.520,182.461,-14.941,-49,-18
226.2863,197.139,183.516,13.623,52,17,162.861,176.221,-13.359,-47,-18
226.3795,200.391,189.580,10.811,46,16,159.609,170.420,-10.811,-43,-18
226.4732,201.885,194.766,7.119,37,16,158.115,165.322,-7.207,-36,-16
226.5663,201.445,198.457,2.988,26,14,158.555,161.543,-2.988,-25,-15
226.6591,199.248,200.566,-1.318,14,12,160.752,159.521,1.230,-11,-14
226.7531,195.381,200.918,-5.537,0,-13,164.619,159.258,5.361,0,13
226.8464,190.195,200.391,-10.195,-7,-17,169.805,159.434,10.371,3,18
226.9386,184.131,197.490,-13.359,-26,-19,175.869,162.158,13.711,29,19
227.0321,177.803,192.920,-15.117,-38,-20,182.197,166.992,15.205,40,18
227.1261,171.562,187.119,-15.557,-45,-18,188.438,172.793,15.645,46,20
227.2193,166.113,180.879,-14.766,-49,-18,193.887,179.121,14.766,53,18
227.3119,161.807,174.727,-12.920,-46,-18,198.193,185.537,12.656,51,17
227.4052,159.082,169.102,-10.020,-42,-17,200.918,191.250,9.668,43,17
227.4986,158.115,164.443,-6.328,-34,-14,201.885,195.996,5.889,34,15
227.5916,158.994,160.752,-1.758,-24,-14,201.006,199.336,1.670,22,14
227.6864,161.719,159.170,2.549,-7,-13,198.281,201.006,-2.725,10,12
227.7798,166.025,158.994,7.031,0,14,193.975,201.094,-7.119,-1,-14
227.8723,171.475,160.049,11.426,15,17,188.525,199.688,-11.162,-15,-17
227.9656,177.715,163.828,13.887,33,17,182.285,195.996,-13.711,-32,-18
228.0597,184.043,168.574,15.469,40,20,175.957,190.898,-14.941,-42,-18
228.1538,190.195,174.639,15.557,49,20,169.805,185.010,-15.205,-47,-18
228.2482,195.381,180.791,14.590,51,19,164.619,178.682,-14.062,-48,-19
228.3417,199.248,187.119,12.129,48,17,160.752,172.617,-11.865,-47,-18
228.4362,201.533,192.920,8.613,42,16,158.467,167.168,-8.701,-39,-16
228.5280,201.885,197.139,4.746,31,15,158.115,162.861,-4.746,-31,-15
228.6218,200.303,199.951,0.352,20,13,159.697,160.049,-0.352,-18,-15
228.7153,197.051,201.094,-4.043,6,11,162.949,159.258,3.691,-2,-13
228.8081,192.393,200.830,-8.438,-2,-16,167.607,159.258,8.350,0,15
228.9010,186.680,198.809,-12.129,-20,-17,173.320,160.664,12.656,19,19
228.9955,180.264,194.766,-14.502,-35,-18,179.736,165.059,14.678,38,19
229.0896,173.936,189.316,-15.381,-43,-19,186.064,170.508,15.557,45,19
229.1826,168.135,183.164,-15.029,-49,-19,191.865,176.484,15.381,49,19
229.2764,163.301,176.924,-13.623,-47,-18,196.699,183.076,13.623,52,17
229.3710,159.873,171.035,-11.162,-44,-17,200.127,189.316,10.811,47,15
229.4649,158.203,166.113,-7.910,-35,-16,201.797,194.414,7.383,38,16
229.5562,158.379,161.982,-3.604,-30,-14,201.621,198.281,3.340,28,14
229.6491,160.400,159.521,0.879,-14,-13,199.600,200.566,-0.967,15,13
229.7416,164.092,158.906,5.186,0,12,195.908,201.182,-5.273,3,-14
229.8364,169.277,159.170,10.107,3,17,190.723,200.479,-9.756,-9,-17
229.9313,175.342,162.158,13.184,30,17,184.658,197.666,-13.008,-26,-18
230.0242,181.582,166.641,14.941,37,19,178.418,193.096,-14.678,-37,-18
230.1176,187.910,172.178,15.732,46,19,172.090,187.383,-15.293,-46,-19
230.2107,193.447,178.242,15.205,46,19,166.553,181.230,-14.678,-50,-18
230.3032,197.842,184.658,13.184,50,17,162.158,175.254,-13.096,-45,-18
230.3959,200.742,190.459,10.283,45,16,159.258,169.453,-10.195,-43,-17
230.4888,201.885,195.469,6.416,36,15,158.115,164.619,-6.504,-36,-15
230.5826,201.182,198.896,2.285,23,14,158.818,161.016,-2.197,-23,-15
230.6765,198.633,200.742,-2.109,11,13,161.367,159.346,2.021,-7,-14
230.7700,194.502,200.918,-6.416,-1,-13,165.498,159.258,6.240,0,13
230.8651,188.965,199.951,-10.986,-12,-17,171.035,159.697,11.338,6,19
230.9577,182.900,196.699,-13.799,-29,-19,177.100,163.037,14.062,33,19
231.0518,176.484,191.689,-15.205,-41,-19,183.516,168.223,15.293,41,18
231.1439,170.420,185.889,-15.469,-47,-19,189.580,173.848,15.732,46,20
231.2364,165.146,179.648,-14.502,-49,-18,194.854,180.264,14.590,52,19
231.3311,161.104,173.408,-12.305,-47,-18,198.896,186.768,12.129,49,16
231.4246,158.643,167.959,-9.316,-40,-16,201.357,192.480,8.877,42,16
231.5188,158.115,163.477,-5.361,-33,-15,201.885,197.051,4.834,33,15
231.6118,159.434,160.137,-0.703,-21,-13,200.566,199.951,0.615,19,14
231.7051,162.510,158.994,3.516,-4,-13,197.490,201.182,-3.691,6,13
231.8151,167.959,158.994,8.965,1,16,192.041,200.830,-8.789,-5,-14
231.9084,173.848,161.104,12.744,24,18,186.152,198.633,-12.480,-21,-18
232.0108,180.703,165.938,14.766,37,17,179.297,193.799,-14.502,-37,-19
232.1040,187.031,171.211,15.820,45,19,172.969,188.350,-15.381,-44,-19
232.1984,192.744,177.363,15.381,46,19,167.256,182.021,-14.766,-50,-18
232.2924,197.402,183.955,13.447,52,17,162.598,175.781,-13.184,-46,-18
232.3864,200.566,189.844,10.723,45,16,159.434,169.980,-10.547,-42,-18
232.4798,201.885,194.941,6.943,37,15,158.115,165.059,-6.943,-35,-16
232.5727,201.357,198.545,2.812,26,14,158.643,161.367,-2.725,-24,-15
232.6663,198.984,200.654,-1.670,13,12,161.016,159.434,1.582,-10,-15
232.7593,195.029,201.006,-5.977,0,-13,164.971,159.170,5.801,-1,14
232.8533,189.756,200.215,-10.459,-9,-16,170.244,159.521,10.723,4,19
232.9483,183.516,197.139,-13.623,-28,-18,176.484,162.598,13.887,31,19
233.0417,177.188,192.393,-15.205,-39,-18,182.812,167.607,15.205,40,19
233.1362,170.947,186.416,-15.469,-47,-18,189.053,173.496,15.557,47,21
233.2311,165.498,180.088,-14.590,-48,-18,194.502,180.000,14.502,52,19
233.3253,161.279,173.848,-12.568,-47,-18,198.721,186.416,12.305,49,17
233.4206,158.730,168.223,-9.492,-40,-17,201.270,192.129,9.141,42,15
233.5131,158.115,163.740,-5.625,-33,-15,201.885,196.611,5.273,33,14
233.6065,159.258,160.312,-1.055,-22,-14,200.742,199.775,0.967,21,13
233.7031,162.422,158.994,3.428,-4,-14,197.578,201.094,-3.516,6,12
233.7977,166.992,158.994,7.998,1,15,193.008,201.006,-7.998,-1,-15
233.8913,172.705,160.488,12.217,20,17,187.295,199.160,-11.865,-19,-18
233.9860,179.121,164.707,14.414,35,18,180.879,195.029,-14.150,-35,-18
234.0799,185.449,169.805,15.645,42,20,174.551,189.756,-15.205,-43,-18
234.1767,191.514,176.133,15.381,50,18,168.486,183.516,-15.029,-47,-18
234.2722,196.523,182.637,13.887,52,16,163.477,177.012,-13.535,-49,-18
234.3652,199.951,188.701,11.250,46,16,160.049,171.299,-11.250,-43,-18
234.4585,201.709,193.975,7.734,40,15,158.291,166.113,-7.822,-37,-16
234.5518,201.621,197.930,3.691,28,14,158.379,161.982,-3.604,-27,-15
234.6445,199.688,200.303,-0.615,17,13,160.312,159.785,0.527,-14,-14
234.7370,196.084,201.006,-4.922,2,-12,163.916,159.346,4.570,0,-13
234.8312,191.074,200.566,-9.492,-5,-16,168.926,159.346,9.580,0,17
234.9243,185.098,198.018,-12.920,-24,-18,174.902,161.543,13.359,25,19
235.0193,178.682,193.535,-14.854,-37,-18,181.318,166.377,14.941,41,18
235.1114,172.529,188.086,-15.557,-44,-18,187.471,171.826,15.645,46,19
235.2042,166.904,181.846,-14.941,-49,-18,193.096,178.066,15.029,50,19
235.2965,162.422,175.693,-13.271,-48,-18,197.578,184.570,13.008,52,17
235.3890,159.434,169.980,-10.547,-43,-17,200.566,190.371,10.195,45,16
235.4821,158.115,165.234,-7.119,-34,-16,201.885,195.205,6.680,35,16
235.5769,158.730,161.191,-2.461,-27,-14,201.270,198.984,2.285,25,14
235.6686,161.104,159.258,1.846,-11,-13,198.896,200.918,-2.021,13,13
235.7605,165.059,158.994,6.064,1,12,194.941,201.094,-6.152,0,-14
235.8521,170.156,159.434,10.723,9,17,189.844,200.215,-10.371,-11,-17
235.9441,176.221,162.686,13.535,32,16,183.779,197.139,-13.359,-29,-18
236.0367,182.461,167.256,15.205,37,19,177.539,192.393,-14.854,-38,-18
236.1288,188.613,172.793,15.820,47,19,171.387,186.680,-15.293,-47,-18
236.2206,193.975,178.857,15.117,48,19,166.025,180.527,-14.502,-50,-19
236.3138,198.281,185.361,12.920,51,17,161.719,174.463,-12.744,-45,-19
236.4064,201.006,191.074,9.932,44,16,158.994,168.750,-9.756,-43,-17
236.5011,201.885,195.996,5.889,35,16,158.115,164.004,-5.889,-36,-16
236.5928,201.006,199.160,1.846,22,14,158.994,160.752,-1.758,-22,-16
236.6853,198.281,200.830,-2.549,9,12,161.719,159.346,2.373,-5,-14
236.7789,194.062,200.918,-6.855,-1,-14,165.938,159.258,6.680,0,14
236.8707,188.613,199.775,-11.162,-13,-17,171.387,159.785,11.602,9,21
236.9623,182.549,196.523,-13.975,-29,-19,177.451,163.389,14.062,33,19
237.0550,176.221,191.602,-15.381,-41,-19,183.779,168.398,15.381,41,19
237.1480,170.156,185.625,-15.469,-48,-19,189.844,174.199,15.645,47,19
237.2414,164.971,179.297,-14.326,-49,-19,195.029,180.615,14.414,53,18
237.3351,160.928,173.145,-12.217,-46,-18,199.072,187.119,11.953,49,18
237.4293,158.643,167.695,-9.053,-39,-17,201.357,192.656,8.701,41,16
237.5217,158.115,163.477,-5.361,-32,-16,201.885,197.051,4.834,33,14
237.6147,159.521,160.137,-0.615,-21,-14,200.479,199.863,0.615,19,13
237.7068,162.510,158.994,3.516,-5,-13,197.490,201.094,-3.604,6,12
237.7991,167.080,158.994,8.086,1,16,192.920,200.918,-7.998,-2,-15
237.8917,172.705,160.488,12.217,20,17,187.295,199.072,-11.777,-19,-17
237.9846,178.945,164.707,14.238,35,17,181.055,195.117,-14.062,-33,-19
238.0774,185.273,169.629,15.645,42,19,174.727,189.932,-15.205,-43,-19
238.1707,191.162,175.693,15.469,50,19,168.838,183.955,-15.117,-46,-20
238.2647,196.172,182.021,14.150,52,18,163.828,177.539,-13.711,-49,-18
238.3590,199.775,188.262,11.514,46,17,160.225,171.562,-11.338,-45,-18
238.4526,201.709,193.711,7.998,42,16,158.291,166.377,-8.086,-37,-16
238.5458,201.709,197.842,3.867,29,14,158.291,162.158,-3.867,-27,-15
238.6391,199.863,200.215,-0.352,17,13,160.137,159.785,0.352,-14,-15
238.7322,196.348,201.006,-4.658,2,-10,163.652,159.258,4.395,0,-13
238.8250,191.426,200.654,-9.229,-3,-16,168.574,159.346,9.229,2,16
238.9186,185.537,198.281,-12.744,-23,-17,174.463,161.279,13.184,25,20
239.0105,179.297,194.062,-14.766,-36,-18,180.703,165.938,14.766,40,17
239.1031,173.057,188.613,-15.557,-43,-19,186.943,171.299,15.645,45,19
239.1962,167.344,182.461,-15.117,-49,-19,192.656,177.363,15.293,48,20
239.2914,162.598,176.133,-13.535,-48,-19,197.402,184.219,13.184,53,17
239.3854,159.521,170.244,-10.723,-43,-17,200.479,190.107,10.371,45,16
239.4776,158.115,165.498,-7.383,-34,-16,201.885,195.029,6.855,36,16
239.5701,158.643,161.367,-2.725,-28,-14,201.357,198.809,2.549,26,14
239.6628,160.840,159.258,1.582,-12,-14,199.160,200.830,-1.670,13,13
239.7561,164.795,158.994,5.801,1,13,195.205,201.182,-5.977,1,-14
239.8505,170.068,159.258,10.811,5,18,189.932,200.303,-10.371,-10,-17
239.9433,176.133,162.510,13.623,32,17,183.867,197.227,-13.359,-29,-17
240.0360,182.461,167.256,15.205,37,19,177.539,192.393,-14.854,-38,-18
240.1313,188.789,173.057,15.732,47,19,171.211,186.416,-15.205,-48,-19
240.2261,194.326,179.297,15.029,50,18,165.674,180.176,-14.502,-49,-19
240.3198,198.457,185.889,12.568,50,17,161.543,174.023,-12.480,-46,-17
240.4140,201.094,191.689,9.404,43,16,158.906,168.398,-9.492,-42,-16
240.5077,201.885,196.260,5.625,33,14,158.115,163.740,-5.625,-35,-16
240.6019,200.830,199.336,1.494,21,14,159.170,160.488,-1.318,-20,-15
240.6952,197.930,200.830,-2.900,8,12,162.070,159.258,2.812,-3,-15
240.7881,193.535,200.918,-7.383,0,-14,166.465,159.346,7.119,2,16
240.8818,187.910,199.600,-11.689,-15,-17,172.090,160.049,12.041,12,20
240.9753,181.670,195.908,-14.238,-32,-18,178.330,163.916,14.414,35,18
241.0685,175.342,190.723,-15.381,-42,-18,184.658,169.189,15.469,43,19
241.1623,169.277,184.746,-15.469,-47,-19,190.723,175.166,15.557,48,19
241.2561,164.180,178.330,-14.150,-49,-18,195.820,181.758,14.062,52,18
241.3501,160.488,172.266,-11.777,-46,-18,199.512,188.086,11.426,49,16
241.4434,158.379,166.992,-8.613,-38,-17,201.621,193.447,8.174,40,16
241.5367,158.203,162.686,-4.482,-31,-15,201.797,197.666,4.131,31,15
241.6315,159.961,159.785,0.176,-17,-13,200.039,200.303,-0.264,17,12
241.7242,163.301,158.994,4.307,-2,1,196.699,201.182,-4.482,4,-10
241.8177,168.135,158.994,9.141,0,17,191.865,200.830,-8.965,-5,-15
241.9111,174.023,161.191,12.832,24,17,185.977,198.457,-12.480,-22,-17
242.0040,180.264,165.674,14.590,36,18,179.736,194.150,-14.414,-36,-18
242.0991,186.680,171.035,15.645,44,19,173.320,188.525,-15.205,-43,-19
242.1920,192.393,176.924,15.469,46,20,167.607,182.461,-14.854,-49,-18
242.2858,197.139,183.516,13.623,52,17,162.861,176.221,-13.359,-47,-18
242.3804,200.391,189.492,10.898,46,16,159.609,170.420,-10.811,-43,-17
242.4730,201.885,194.678,7.207,37,16,158.115,165.410,-7.295,-35,-17
242.5667,201.445,198.457,2.988,26,14,158.555,161.543,-2.988,-25,-16
242.6597,199.248,200.566,-1.318,14,13,160.752,159.434,1.318,-12,-14
242.7518,195.381,201.006,-5.625,1,-12,164.619,159.170,5.449,0,13
242.8450,190.195,200.391,-10.195,-7,-17,169.805,159.434,10.371,4,18
242.9379,184.219,197.578,-13.359,-26,-18,175.781,162.158,13.623,29,20
243.0331,177.803,192.920,-15.117,-38,-18,182.197,167.168,15.029,40,19
243.1256,171.562,187.207,-15.645,-45,-19,188.438,172.793,15.645,45,19
243.2194,166.113,180.967,-14.854,-49,-18,193.887,179.033,14.854,52,19
243.3121,161.807,174.727,-12.920,-47,-18,198.193,185.537,12.656,51,16
243.4051,159.082,169.102,-10.020,-42,-17,200.918,191.338,9.580,43,16
243.4979,158.115,164.531,-6.416,-34,-16,201.885,195.996,5.889,34,15
243.5906,158.994,160.752,-1.758,-25,-15,201.006,199.336,1.670,22,14
243.6844,161.631,159.170,2.461,-8,-13,198.369,201.006,-2.637,10,12
243.7770,165.850,158.994,6.855,0,13,194.150,201.094,-6.943,1,-14
243.8697,171.299,159.873,11.426,14,17,188.701,199.775,-11.074,-15,-18
243.9658,177.715,163.740,13.975,33,17,182.285,195.996,-13.711,-32,-17
244.0588,183.955,168.486,15.469,39,19,176.045,191.074,-15.029,-41,-19
244.1531,190.107,174.551,15.557,49,19,169.893,185.098,-15.205,-48,-17
244.2475,195.381,180.791,14.590,51,18,164.619,178.682,-14.062,-48,-19
244.3411,199.248,187.031,12.217,48,17,160.752,172.705,-11.953,-47,-18
244.4351,201.445,192.744,8.701,42,16,158.555,167.256,-8.701,-40,-17
244.5278,201.885,197.051,4.834,31,15,158.115,162.861,-4.746,-30,-16
244.6206,200.391,199.863,0.527,19,14,159.609,160.049,-0.439,-18,-15
244.7151,197.139,201.006,-3.867,7,12,162.861,159.258,3.604,-2,-13
244.8077,192.480,200.830,-8.350,-1,-15,167.520,159.258,8.262,1,14
244.9034,186.504,198.896,-12.393,-21,-17,173.496,160.664,12.832,20,20
244.9970,180.176,194.854,-14.678,-35,-19,179.824,165.146,14.678,38,19
245.0897,173.936,189.492,-15.557,-43,-18,186.064,170.596,15.469,45,18
245.1841,168.047,183.252,-15.205,-48,-18,191.953,176.572,15.381,48,19
245.2772,163.213,177.012,-13.799,-48,-19,196.787,183.076,13.711,52,17
245.3696,159.873,171.123,-11.250,-44,-17,200.127,189.229,10.898,47,16
245.4639,158.203,166.113,-7.910,-35,-16,201.797,194.414,7.383,38,15
245.5564,158.379,161.895,-3.516,-30,-14,201.621,198.457,3.164,28,14
245.6505,160.488,159.346,1.143,-14,-13,199.512,200.654,-1.143,15,13
245.7437,164.180,158.906,5.273,0,12,195.820,201.182,-5.361,2,-13
245.8383,169.365,159.170,10.195,3,18,190.635,200.479,-9.844,-9,-16
245.9305,175.254,162.070,13.184,30,17,184.746,197.666,-12.920,-26,-18
246.0237,181.582,166.641,14.941,36,18,178.418,193.096,-14.678,-37,-18
246.1177,187.910,172.090,15.820,46,19,172.090,187.383,-15.293,-46,-17
246.2110,193.447,178.154,15.293,46,19,166.553,181.230,-14.678,-49,-18
246.3042,197.930,184.658,13.271,51,17,162.070,175.166,-13.096,-45,-18
246.3972,200.830,190.547,10.283,45,16,159.170,169.365,-10.195,-43,-17
246.4898,201.885,195.557,6.328,37,15,158.115,164.531,-6.416,-37,-17
246.5836,201.182,198.984,2.197,23,14,158.818,160.928,-2.109,-22,-15
246.6741,198.721,200.654,-1.934,11,14,161.279,159.346,1.934,-8,-14
246.7688,194.590,200.918,-6.328,-1,-13,165.410,159.258,6.152,0,13
246.8618,189.229,200.039,-10.811,-11,-17,170.771,159.609,11.162,5,19
246.9546,183.076,196.875,-13.799,-29,-19,176.924,162.861,14.062,32,18
247.0486,176.748,191.953,-15.205,-40,-17,183.252,167.959,15.293,40,18
247.1425,170.508,186.064,-15.557,-47,-18,189.492,173.760,15.732,47,20
247.2361,165.234,179.824,-14.590,-48,-18,194.766,180.264,14.502,52,17
247.3281,161.191,173.760,-12.568,-47,-18,198.809,186.592,12.217,50,16
247.4215,158.730,168.135,-9.404,-40,-17,201.270,192.305,8.965,42,16
247.5151,158.115,163.740,-5.625,-33,-15,201.885,196.699,5.186,33,14
247.6077,159.346,160.312,-0.967,-21,-14,200.654,199.775,0.879,20,13
247.7036,162.422,158.994,3.428,-5,-12,197.578,201.094,-3.516,6,12
247.7973,166.992,158.994,7.998,1,15,193.008,201.006,-7.998,-2,-15
247.8889,172.529,160.488,12.041,20,17,187.471,199.160,-11.689,-19,-17
247.9789,178.594,164.443,14.150,35,17,181.406,195.381,-13.975,-33,-19
248.0702,184.746,169.189,15.557,41,19,175.254,190.283,-15.029,-42,-19
248.1647,190.811,175.254,15.557,50,18,169.189,184.395,-15.205,-46,-19
248.2568,195.820,181.406,14.414,52,18,164.180,178.154,-13.975,-48,-18
248.3494,199.512,187.646,11.865,47,17,160.488,172.178,-11.689,-46,-18
248.4408,201.533,193.096,8.438,42,16,158.467,166.992,-8.525,-38,-16
248.5343,201.797,197.402,4.395,30,15,158.203,162.598,-4.395,-29,-15
248.6252,200.215,199.951,0.264,18,14,159.785,160.049,-0.264,-17,-15
248.7168,197.051,201.006,-3.955,5,13,162.949,159.258,3.691,-2,-14
248.8090,192.393,200.830,-8.438,-2,-15,167.607,159.346,8.262,2,15
248.9005,186.680,198.896,-12.217,-20,-17,173.320,160.576,12.744,19,19
248.9932,180.439,194.941,-14.502,-35,-18,179.561,164.971,14.590,37,20
249.0849,174.287,189.756,-15.469,-42,-19,185.713,170.156,15.557,44,19
249.1777,168.398,183.691,-15.293,-48,-18,191.602,176.133,15.469,49,19
249.2690,163.564,177.539,-13.975,-48,-18,196.436,182.549,13.887,52,18
249.3617,160.137,171.650,-11.514,-45,-17,199.863,188.789,11.074,48,17
249.4532,158.291,166.641,-8.350,-37,-16,201.709,193.975,7.734,39,16
249.5485,158.291,162.246,-3.955,-30,-14,201.709,198.105,3.604,29,14
249.6416,160.225,159.609,0.615,-15,-13,199.775,200.479,-0.703,16,12
249.7347,163.740,158.906,4.834,-2,12,196.260,201.270,-5.010,3,-13
249.8267,168.662,158.994,9.668,1,17,191.338,200.654,-9.316,-7,-16
249.9194,174.551,161.543,13.008,27,18,185.449,198.105,-12.656,-24,-17
250.0115,180.703,166.025,14.678,37,17,179.297,193.711,-14.414,-36,-19
250.1046,187.031,171.299,15.732,45,19,172.969,188.262,-15.293,-44,-19
250.1977,192.744,177.188,15.557,45,20,167.256,182.197,-14.941,-48,-18
250.2900,197.314,183.691,13.623,52,18,162.686,176.045,-13.359,-47,-19
250.3831,200.479,189.668,10.811,46,17,159.521,170.244,-10.723,-43,-18
250.4759,201.885,194.854,7.031,37,15,158.115,165.234,-7.119,-36,-16
250.5691,201.445,198.545,2.900,26,15,158.555,161.367,-2.812,-25,-16
250.6624,199.160,200.654,-1.494,13,13,160.840,159.434,1.406,-11,-14
250.7552,195.205,201.006,-5.801,-1,-13,164.795,159.170,5.625,0,13
250.8491,190.020,200.303,-10.283,-8,-16,169.980,159.434,10.547,3,19
250.9418,183.955,197.402,-13.447,-27,-18,176.045,162.334,13.711,29,20
251.0352,177.627,192.656,-15.029,-39,-18,182.373,167.256,15.117,40,19
251.1282,171.475,186.855,-15.381,-46,-18,188.525,172.969,15.557,46,19
251.2220,165.938,180.615,-14.678,-49,-18,194.062,179.297,14.766,52,19
251.3151,161.631,174.463,-12.832,-46,-19,198.369,185.713,12.656,50,16
251.4095,158.994,168.838,-9.844,-41,-18,201.006,191.602,9.404,43,16
251.5026,158.115,164.268,-6.152,-34,-16,201.885,196.260,5.625,34,15
251.5946,158.994,160.664,-1.670,-24,-14,201.006,199.512,1.494,21,13
251.6871,161.719,159.082,2.637,-7,-13,198.281,201.006,-2.725,9,13
251.7814,166.113,158.994,7.119,2,14,193.887,201.094,-7.207,0,-15
251.8741,171.562,159.961,11.602,16,17,188.438,199.600,-11.162,-16,-17
251.9684,177.891,163.828,14.062,34,17,182.109,195.908,-13.799,-32,-18
252.0620,184.219,168.662,15.557,40,18,175.781,190.898,-15.117,-42,-19
252.1550,190.195,174.639,15.557,49,19,169.805,185.010,-15.205,-48,-18
252.2488,195.469,180.879,14.590,51,19,164.531,178.594,-14.062,-49,-17
252.3428,199.336,187.207,12.129,48,16,160.664,172.617,-11.953,-46,-19
252.4363,201.533,192.920,8.613,42,16,158.467,167.168,-8.701,-40,-16
252.5304,201.797,197.227,4.570,31,16,158.203,162.686,-4.482,-30,-16
252.6232,200.303,199.951,0.352,19,13,159.697,160.049,-0.352,-17,-15
252.7169,197.051,201.006,-3.955,5,12,162.949,159.258,3.691,-2,-13
252.8073,192.480,200.830,-8.350,-2,-15,167.520,159.346,8.174,2,15
252.9010,186.680,198.896,-12.217,-20,-18,173.320,160.664,12.656,20,20
252.9939,180.352,195.029,-14.678,-34,-19,179.648,164.971,14.678,38,20
253.0897,173.936,189.492,-15.557,-42,-18,186.064,170.508,15.557,45,17
253.1839,168.047,183.164,-15.117,-49,-18,191.953,176.572,15.381,49,19
253.2792,163.125,176.748,-13.623,-48,-18,196.875,183.340,13.535,52,17
253.3733,159.785,170.947,-11.162,-43,-18,200.215,189.492,10.723,46,16
253.4670,158.203,165.938,-7.734,-35,-17,201.797,194.590,7.207,38,16
253.5598,158.467,161.807,-3.340,-29,-13,201.533,198.545,2.988,28,15
253.6528,160.576,159.434,1.143,-13,-13,199.424,200.742,-1.318,15,13
253.7453,164.268,158.906,5.361,0,13,195.732,201.182,-5.449,1,-13
253.8377,169.277,159.082,10.195,2,17,190.723,200.479,-9.756,-9,-17
253.9307,175.254,161.982,13.271,30,17,184.746,197.666,-12.920,-26,-19
254.0237,181.582,166.553,15.029,37,18,178.418,193.096,-14.678,-36,-19
254.1172,187.822,172.090,15.732,47,20,172.178,187.383,-15.205,-46,-18
254.2112,193.447,178.154,15.293,46,19,166.553,181.230,-14.678,-49,-19
254.3041,197.930,184.658,13.271,51,17,162.070,175.078,-13.008,-45,-18
254.3988,200.830,190.547,10.283,45,16,159.170,169.277,-10.107,-43,-18
254.4908,201.885,195.469,6.416,36,15,158.115,164.531,-6.416,-37,-16
254.5836,201.182,198.896,2.285,23,14,158.818,161.016,-2.197,-22,-16
254.6758,198.633,200.654,-2.021,11,14,161.367,159.346,2.021,-8,-14
254.7687,194.590,200.918,-6.328,-1,-13,165.410,159.258,6.152,0,13
254.8612,189.229,200.039,-10.811,-11,-17,170.771,159.609,11.162,5,20
254.9544,183.076,196.963,-13.887,-28,-19,176.924,162.949,13.975,32,19
255.0472,176.836,192.129,-15.293,-40,-18,183.164,167.959,15.205,40,18
255.1417,170.596,186.152,-15.557,-46,-19,189.404,173.760,15.645,46,20
255.2347,165.234,179.824,-14.590,-49,-18,194.766,180.088,14.678,52,19
255.3270,161.279,173.760,-12.480,-46,-18,198.721,186.504,12.217,50,16
255.4204,158.730,168.223,-9.492,-40,-17,201.270,192.217,9.053,43,16
255.5127,158.115,163.828,-5.713,-33,-15,201.885,196.611,5.273,33,16
255.6048,159.258,160.400,-1.143,-22,-14,200.742,199.775,0.967,21,14
255.6984,162.158,159.082,3.076,-5,-13,197.842,201.094,-3.252,6,13
255.7907,166.641,158.994,7.646,0,14,193.359,201.006,-7.646,-2,-14
255.8842,172.266,160.225,12.041,18,18,187.734,199.336,-11.602,-18,-17
255.9768,178.418,164.268,14.150,34,18,181.582,195.469,-13.887,-34,-18
256.0716,184.834,169.277,15.557,42,19,175.166,190.283,-15.117,-43,-19
256.1657,190.898,175.342,15.557,50,19,169.102,184.395,-15.293,-46,-19
256.2593,195.908,181.670,14.238,52,18,164.092,177.979,-13.887,-49,-18
256.3530,199.600,187.910,11.689,47,16,160.400,171.914,-11.514,-46,-18
256.4461,201.621,193.359,8.262,41,16,158.379,166.729,-8.350,-38,-17
256.5394,201.797,197.490,4.307,29,15,158.203,162.422,-4.219,-28,-15
256.6319,200.039,200.127,-0.088,18,13,159.961,159.873,0.088,-15,-15
256.7246,196.699,201.006,-4.307,3,10,163.301,159.258,4.043,0,-14
256.8178,191.865,200.742,-8.877,-3,-16,168.135,159.346,8.789,2,16
256.9127,185.889,198.545,-12.656,-22,-18,174.111,161.104,13.008,23,20
257.0071,179.561,194.326,-14.766,-36,-19,180.439,165.762,14.678,39,19
257.1011,173.145,188.701,-15.557,-43,-19,186.855,171.299,15.557,46,20
257.1943,167.432,182.549,-15.117,-49,-19,192.568,177.363,15.205,49,20
257.2871,162.773,176.309,-13.535,-48,-18,197.227,183.955,13.271,52,17
257.3803,159.609,170.508,-10.898,-44,-18,200.391,189.844,10.547,46,16
257.4730,158.115,165.586,-7.471,-35,-16,201.885,194.854,7.031,36,15
257.5668,158.555,161.543,-2.988,-28,-14,201.445,198.721,2.725,26,14
257.6594,160.752,159.258,1.494,-13,-13,199.248,200.830,-1.582,14,12
257.7532,164.707,158.994,5.713,1,13,195.293,201.182,-5.889,1,-14
257.8465,169.893,159.258,10.635,5,18,190.107,200.303,-10.195,-10,-17
257.9403,175.957,162.510,13.447,32,17,184.043,197.227,-13.184,-28,-17
258.0342,182.285,167.168,15.117,36,19,177.715,192.393,-14.678,-38,-18
258.1265,188.438,172.705,15.732,47,19,171.562,186.768,-15.205,-47,-18
258.2199,193.975,178.770,15.205,47,19,166.025,180.615,-14.590,-49,-18
258.3138,198.281,185.361,12.920,51,17,161.719,174.375,-12.656,-45,-18
258.4080,201.006,191.162,9.844,43,16,158.994,168.750,-9.756,-43,-17
258.5018,201.885,195.996,5.889,35,15,158.115,164.004,-5.889,-36,-16
258.5946,201.006,199.248,1.758,22,14,158.994,160.664,-1.670,-21,-15
258.6879,198.193,200.830,-2.637,9,12,161.807,159.258,2.549,-5,-14
258.7818,193.887,200.918,-7.031,0,-14,166.113,159.258,6.855,0,14
258.8767,188.262,199.688,-11.426,-15,-17,171.738,159.961,11.777,11,18
258.9704,182.021,196.172,-14.150,-31,-19,177.979,163.740,14.238,34,19
259.0636,175.693,191.074,-15.381,-42,-19,184.307,168.838,15.469,43,19
259.1562,169.717,185.186,-15.469,-47,-19,190.283,174.727,15.557,48,20
259.2497,164.531,178.770,-14.238,-49,-18,195.469,181.318,14.150,52,18
259.3432,160.664,172.705,-12.041,-46,-18,199.336,187.559,11.777,49,16
259.4367,158.467,167.344,-8.877,-39,-16,201.533,193.096,8.438,41,15
259.5310,158.203,162.949,-4.746,-32,-15,201.797,197.402,4.395,31,15
259.6236,159.697,159.873,-0.176,-18,-14,200.303,200.215,0.088,18,13
259.7175,163.037,158.906,4.131,-4,-1,196.963,201.182,-4.219,4,2
259.8130,167.871,158.994,8.877,1,16,192.129,200.830,-8.701,-4,-15
259.9060,173.672,160.928,12.744,24,18,186.328,198.633,-12.305,-22,-17
259.9989,180.000,165.410,14.590,37,18,180.000,194.326,-14.326,-35,-18
260.0918,186.240,170.508,15.732,44,19,173.760,189.053,-15.293,-43,-18
260.1866,192.129,176.660,15.469,48,20,167.871,182.812,-14.941,-48,-18
260.2810,196.963,183.164,13.799,51,18,163.037,176.572,-13.535,-48,-18
260.3742,200.215,189.229,10.986,46,16,159.785,170.771,-10.986,-43,-17
260.4683,201.797,194.502,7.295,38,15,158.203,165.674,-7.471,-36,-17
260.5714,201.357,198.545,2.812,25,14,158.643,161.367,-2.725,-24,-16
260.6640,199.072,200.566,-1.494,13,13,160.928,159.434,1.494,-11,-14
260.7583,195.117,200.918,-5.801,-1,-13,164.883,159.346,5.537,0,13
260.8510,189.844,200.303,-10.459,-8,-15,170.156,159.434,10.723,2,19
260.9437,183.779,197.314,-13.535,-27,-18,176.221,162.422,13.799,30,19
261.0369,177.539,192.656,-15.117,-38,-18,182.461,167.344,15.117,40,19
261.1301,171.299,186.855,-15.557,-46,-18,188.701,173.145,15.557,46,20
261.2233,165.850,180.615,-14.766,-49,-18,194.150,179.473,14.678,52,17
261.3164,161.631,174.375,-12.744,-47,-18,198.369,185.801,12.568,50,18
261.4203,158.730,168.223,-9.492,-40,-16,201.270,192.217,9.053,42,16
261.5140,158.115,163.828,-5.713,-32,-15,201.885,196.611,5.273,33,14
261.6137,159.434,160.137,-0.703,-21,-13,200.566,199.863,0.703,19,14
261.7076,162.598,158.994,3.604,-4,-13,197.402,201.182,-3.779,6,12
261.8017,167.256,158.994,8.262,1,15,192.744,200.918,-8.174,-3,-16
261.8942,172.881,160.576,12.305,21,17,187.119,199.072,-11.953,-20,-19
261.9867,179.121,164.795,14.326,35,16,180.879,194.941,-14.062,-35,-19
262.0804,185.449,169.805,15.645,42,18,174.551,189.756,-15.205,-43,-18
262.1733,191.338,175.869,15.469,50,19,168.662,183.779,-15.117,-46,-19
262.2667,196.260,182.197,14.062,51,18,163.740,177.363,-13.623,-50,-19
262.3730,200.215,189.141,11.074,46,15,159.785,170.771,-10.986,-43,-17
262.4693,201.797,194.414,7.383,38,15,158.203,165.674,-7.471,-35,-16
262.5620,201.533,198.281,3.252,27,13,158.467,161.719,-3.252,-26,-16
262.6732,198.721,200.654,-1.934,11,12,161.279,159.434,1.846,-9,-14
262.7671,194.678,200.918,-6.240,0,-13,165.322,159.258,6.064,0,13
262.8600,189.316,200.127,-10.811,-10,-17,170.684,159.521,11.162,3,19
262.9536,183.164,196.875,-13.711,-28,-19,176.836,162.861,13.975,33,18
263.0480,176.748,192.041,-15.293,-40,-18,183.252,167.959,15.293,40,19
263.1413,170.596,186.152,-15.557,-47,-18,189.404,173.672,15.732,46,20
263.2351,165.234,179.824,-14.590,-49,-17,194.766,180.176,14.590,53,18
263.3295,161.191,173.496,-12.305,-46,-17,198.809,186.768,12.041,50,17
263.4243,158.730,168.047,-9.316,-40,-16,201.270,192.393,8.877,41,15
263.5171,158.115,163.564,-5.449,-32,-14,201.885,196.963,4.922,33,14
263.6110,159.434,160.225,-0.791,-21,-13,200.566,199.863,0.703,19,14
263.7035,162.422,158.994,3.428,-5,-12,197.578,201.094,-3.516,6,12
263.7973,166.992,158.906,8.086,0,15,193.008,200.918,-7.910,-2,-15
263.8894,172.529,160.400,12.129,20,18,187.471,199.160,-11.689,-19,-19
263.9834,178.857,164.707,14.150,35,17,181.143,195.117,-13.975,-34,-18
264.0757,185.098,169.541,15.557,41,18,174.902,189.932,-15.029,-42,-18
264.1701,191.162,175.605,15.557,50,19,168.838,184.043,-15.205,-46,-19
264.2632,196.084,181.846,14.238,52,17,163.916,177.715,-13.799,-49,-18
264.3563,199.688,188.086,11.602,47,16,160.312,171.738,-11.426,-45,-17
264.4517,201.709,193.711,7.998,41,15,158.291,166.465,-8.174,-37,-17
264.5464,201.709,197.754,3.955,29,14,158.291,162.158,-3.867,-27,-15
264.6398,199.863,200.215,-0.352,17,13,160.137,159.785,0.352,-15,-14
264.7332,196.260,201.006,-4.746,3,-10,163.740,159.170,4.570,-1,-13
264.8252,191.426,200.654,-9.229,-2,-16,168.574,159.346,9.229,2,16
264.9186,185.537,198.281,-12.744,-24,-17,174.463,161.367,13.096,25,19
265.0144,179.033,193.887,-14.854,-37,-19,180.967,166.201,14.766,40,19
265.1078,172.705,188.350,-15.645,-44,-18,187.295,171.650,15.645,45,19
265.2029,166.992,181.934,-14.941,-49,-18,193.008,177.891,15.117,49,19
265.2971,162.422,175.605,-13.184,-48,-18,197.578,184.570,13.008,53,17
265.3904,159.346,169.893,-10.547,-42,-17,200.654,190.547,10.107,44,16
265.4861,158.115,165.059,-6.943,-34,-15,201.885,195.381,6.504,35,15
265.5790,158.730,161.191,-2.461,-27,-14,201.270,199.072,2.197,24,14
265.6712,161.191,159.258,1.934,-10,-14,198.809,200.918,-2.109,12,14
265.7653,165.234,158.994,6.240,1,13,194.766,201.182,-6.416,1,-14
265.8577,170.508,159.521,10.986,9,17,189.492,200.127,-10.635,-12,-19
265.9516,176.748,162.949,13.799,32,17,183.252,196.699,-13.447,-30,-18
266.0449,183.076,167.607,15.469,37,19,176.924,191.865,-14.941,-40,-18
266.1379,189.141,173.408,15.732,48,19,170.859,185.977,-15.117,-49,-18
266.2320,194.590,179.736,14.854,52,18,165.410,179.824,-14.414,-49,-18
266.3249,198.721,186.064,12.656,49,16,161.279,173.672,-12.393,-47,-18
266.4203,201.270,191.953,9.316,43,16,158.730,168.047,-9.316,-42,-17
266.5147,201.885,196.611,5.273,33,15,158.115,163.389,-5.273,-33,-15
266.6076,200.654,199.600,1.055,20,13,159.346,160.312,-0.967,-19,-15
266.7016,197.666,200.918,-3.252,7,12,162.334,159.258,3.076,-3,-13
266.7935,193.271,200.918,-7.646,0,-14,166.729,159.258,7.471,0,16
266.8866,187.646,199.424,-11.777,-17,-16,172.354,160.312,12.041,15,19
266.9802,181.318,195.645,-14.326,-32,-18,178.682,164.355,14.326,35,19
267.0737,174.990,190.459,-15.469,-42,-19,185.010,169.453,15.557,43,18
267.1699,168.838,184.219,-15.381,-49,-19,191.162,175.605,15.557,49,19
267.2669,163.740,177.627,-13.887,-48,-17,196.260,182.461,13.799,53,18
267.3644,160.049,171.299,-11.250,-45,-17,199.951,188.965,10.986,48,17
267.4643,158.203,166.025,-7.822,-34,-15,201.797,194.414,7.383,37,16
267.5631,158.467,161.631,-3.164,-29,-14,201.533,198.633,2.900,28,14
267.6530,160.576,159.346,1.230,-13,-13,199.424,200.742,-1.318,15,13
267.7421,164.092,158.906,5.186,0,12,195.908,201.270,-5.361,3,-13
267.8314,168.926,158.994,9.932,1,16,191.074,200.566,-9.492,-8,-16
267.9217,174.727,161.543,13.184,27,17,185.273,198.018,-12.744,-24,-18
268.0114,180.703,165.938,14.766,37,18,179.297,193.711,-14.414,-36,-19
268.0996,186.680,170.859,15.820,45,19,173.320,188.525,-15.205,-43,-18
268.1935,192.480,176.924,15.557,46,19,167.520,182.373,-14.854,-49,-19
268.2911,197.402,183.867,13.535,52,17,162.598,175.957,-13.359,-46,-18
268.3945,200.742,190.371,10.371,45,15,159.258,169.541,-10.283,-43,-17
268.4851,201.885,195.293,6.592,36,15,158.115,164.795,-6.680,-36,-16
268.5739,201.357,198.633,2.725,26,14,158.643,161.367,-2.725,-24,-16
268.6635,199.072,200.566,-1.494,13,13,160.928,159.521,1.406,-11,-14
268.7522,195.381,201.006,-5.625,1,-12,164.619,159.346,5.273,0,12
268.8407,190.459,200.479,-10.020,-6,-17,169.541,159.434,10.107,1,17
268.9285,184.834,198.018,-13.184,-25,-17,175.166,161.719,13.447,26,19
269.0174,178.857,193.711,-14.854,-37,-18,181.143,166.289,14.854,40,18
269.1082,172.705,188.262,-15.557,-44,-18,187.295,171.650,15.645,45,19
269.1967,167.344,182.373,-15.029,-49,-18,192.656,177.451,15.205,50,19
269.2864,162.861,176.309,-13.447,-48,-18,197.139,183.867,13.271,52,17
269.3782,159.697,170.596,-10.898,-43,-17,200.303,189.756,10.547,46,17
269.4778,158.115,165.498,-7.383,-34,-16,201.885,195.029,6.855,36,16
269.5814,158.818,161.104,-2.285,-27,-13,201.182,199.160,2.021,24,15
269.6738,161.279,159.170,2.109,-10,-13,198.721,200.918,-2.197,11,13
269.7710,165.586,158.994,6.592,1,14,194.414,201.094,-6.680,0,-14
269.8636,170.947,159.697,11.250,12,17,189.053,199.863,-10.811,-13,-17
269.9574,177.100,163.389,13.711,33,16,182.900,196.348,-13.447,-31,-18
270.0500,183.428,168.047,15.381,38,18,176.572,191.426,-14.854,-41,-18
270.1434,189.492,173.848,15.645,48,19,170.508,185.537,-15.029,-48,-19
270.2361,194.766,180.000,14.766,51,18,165.234,179.473,-14.238,-48,-19
270.3295,198.809,186.416,12.393,49,16,161.191,173.408,-12.217,-47,-18
270.4241,201.270,192.129,9.141,42,15,158.730,167.871,-9.141,-41,-17
270.5184,201.885,196.699,5.186,33,14,158.115,163.301,-5.186,-33,-15
270.6161,200.479,199.688,0.791,19,13,159.521,160.225,-0.703,-18,-15
270.7088,197.402,201.006,-3.604,7,12,162.598,159.258,3.340,-2,-14
270.7988,192.920,200.830,-7.910,-1,-15,167.080,159.258,7.822,2,15
270.8942,187.119,199.072,-11.953,-19,-17,172.881,160.312,12.568,17,19
270.9872,180.879,195.293,-14.414,-33,-18,179.121,164.619,14.502,37,19
271.0781,174.727,190.107,-15.381,-41,-19,185.273,169.805,15.469,44,19
271.1691,168.926,184.219,-15.293,-48,-19,191.074,175.605,15.469,49,19
271.2582,164.092,178.242,-14.150,-48,-17,195.908,181.846,14.062,53,18
271.3481,160.488,172.441,-11.953,-46,-18,199.512,187.910,11.602,49,17
271.4369,158.467,167.344,-8.877,-39,-16,201.533,193.096,8.438,41,15
271.5262,158.115,163.037,-4.922,-33,-14,201.885,197.314,4.570,32,15
271.6152,159.521,160.049,-0.527,-20,-14,200.479,200.039,0.439,19,14
271.7119,162.773,158.906,3.867,-4,-12,197.227,201.182,-3.955,5,13
271.8093,167.695,158.994,8.701,1,16,192.305,200.918,-8.613,-3,-16
271.9116,174.023,161.191,12.832,26,17,185.977,198.457,-12.480,-23,-17
272.0084,180.527,165.850,14.678,37,17,179.473,193.887,-14.414,-36,-18
272.1023,186.855,171.123,15.732,44,18,173.145,188.350,-15.205,-44,-18
272.1957,192.656,177.012,15.645,46,19,167.344,182.285,-14.941,-49,-19
272.2990,197.666,184.307,13.359,52,16,162.334,175.430,-13.096,-45,-19
272.3977,200.830,190.459,10.371,44,16,159.170,169.365,-10.195,-42,-17
272.4861,201.885,195.293,6.592,36,15,158.115,164.795,-6.680,-35,-17
272.6030,200.830,199.424,1.406,21,13,159.170,160.488,-1.318,-20,-15
272.7008,197.666,200.918,-3.252,8,12,162.334,159.258,3.076,-4,-14
272.7926,193.271,200.830,-7.559,-1,-15,166.729,159.258,7.471,0,15
272.8823,187.910,199.512,-11.602,-16,-16,172.090,160.049,12.041,13,19
272.9729,181.846,195.996,-14.150,-31,-18,178.154,163.916,14.238,35,19
273.0658,175.518,190.898,-15.381,-42,-18,184.482,168.926,15.557,42,20
273.1557,169.717,185.186,-15.469,-48,-18,190.283,174.639,15.645,48,20
273.2446,164.795,179.121,-14.326,-49,-17,195.205,180.879,14.326,53,18
273.3323,161.016,173.320,-12.305,-47,-17,198.984,186.855,12.129,49,16
273.4198,158.730,168.135,-9.404,-40,-16,201.270,192.129,9.141,42,16
273.5092,158.115,163.916,-5.801,-34,-15,201.885,196.523,5.361,34,15
273.5981,159.082,160.488,-1.406,-23,-13,200.918,199.600,1.318,21,13
273.6860,161.719,159.082,2.637,-7,-13,198.281,201.006,-2.725,9,13
273.7743,165.762,158.994,6.768,2,14,194.238,201.094,-6.855,-1,-15
273.8634,170.859,159.609,11.250,11,16,189.141,199.951,-10.811,-13,-17
273.9520,176.748,163.037,13.711,33,16,183.252,196.611,-13.359,-30,-18
274.0436,182.988,167.607,15.381,37,19,177.012,191.953,-14.941,-39,-19
274.1371,189.141,173.408,15.732,48,19,170.859,186.064,-15.205,-49,-18
274.2312,194.590,179.648,14.941,51,19,165.410,179.824,-14.414,-49,-18
274.3263,198.721,186.152,12.568,50,17,161.279,173.584,-12.305,-47,-18
274.4212,201.270,192.041,9.229,43,16,158.730,167.959,-9.229,-41,-16
274.5136,201.885,196.523,5.361,33,14,158.115,163.477,-5.361,-34,-16
274.6052,200.742,199.512,1.230,20,13,159.258,160.400,-1.143,-20,-15
274.6980,197.842,200.918,-3.076,8,12,162.158,159.258,2.900,-4,-13
274.7938,193.184,200.830,-7.646,-2,-14,166.816,159.258,7.559,2,13
274.8861,187.646,199.424,-11.777,-17,-17,172.354,160.225,12.129,14,20
274.9790,181.406,195.645,-14.238,-33,-18,178.594,164.268,14.326,36,18
275.0719,175.166,190.459,-15.293,-42,-19,184.834,169.453,15.381,43,19
275.1651,169.189,184.482,-15.293,-47,-18,190.811,175.342,15.469,48,19
275.2593,164.092,178.242,-14.150,-48,-18,195.908,181.934,13.975,52,17
275.3527,160.400,172.178,-11.777,-46,-17,199.600,188.174,11.426,48,16
275.4455,158.379,166.992,-8.613,-38,-16,201.621,193.447,8.174,40,16
275.7013,162.334,159.082,3.252,-4,-13,197.666,201.182,-3.516,7,13
275.7977,166.992,158.994,7.998,2,13,193.008,201.182,-8.174,-1,-14
275.8941,172.881,160.400,12.480,20,18,187.119,199.248,-12.129,-21,-17
275.9861,179.121,164.707,14.414,36,18,180.879,195.117,-14.238,-35,-18
276.0791,185.361,169.717,15.645,42,19,174.639,189.844,-15.205,-43,-18
276.1732,191.338,175.869,15.469,50,18,168.662,183.779,-15.117,-46,-18
276.2686,196.348,182.285,14.062,51,17,163.652,177.363,-13.711,-49,-18
276.3632,199.951,188.525,11.426,46,16,160.049,171.299,-11.250,-44,-17
276.4660,201.797,194.414,7.383,39,15,158.203,165.674,-7.471,-35,-17
276.5585,201.533,198.193,3.340,27,14,158.467,161.807,-3.340,-26,-16
276.6520,199.512,200.479,-0.967,15,12,160.488,159.609,0.879,-13,-14
276.7452,195.732,201.006,-5.273,1,-12,164.268,159.258,5.010,0,8
276.8432,190.371,200.479,-10.107,-7,-16,169.629,159.434,10.195,1,17
276.9367,184.307,197.666,-13.359,-26,-17,175.693,162.070,13.623,29,19
277.0310,177.891,193.096,-15.205,-37,-19,182.109,166.992,15.117,40,18
277.1268,171.562,187.119,-15.557,-45,-18,188.438,172.793,15.645,46,20
277.2208,166.025,180.791,-14.766,-49,-18,193.975,179.209,14.766,52,18
277.3153,161.631,174.551,-12.920,-47,-19,198.369,185.713,12.656,51,16
277.4275,158.643,167.959,-9.316,-40,-16,201.357,192.480,8.877,42,16
277.5296,158.203,163.037,-4.834,-31,-14,201.797,197.314,4.482,31,15
277.6222,159.697,160.049,-0.352,-19,-13,200.303,200.039,0.264,18,13
277.7158,162.949,158.994,3.955,-4,-12,197.051,201.094,-4.043,4,12
277.8117,167.783,158.994,8.789,0,16,192.217,200.830,-8.613,-4,-15
277.9061,173.672,161.016,12.656,23,17,186.328,198.633,-12.305,-22,-17
277.9996,180.000,165.498,14.502,37,17,180.000,194.326,-14.326,-35,-19
278.0966,186.504,170.859,15.645,45,19,173.496,188.701,-15.205,-43,-18
278.2181,193.887,178.770,15.117,47,18,166.113,180.791,-14.678,-49,-18
278.3179,198.457,185.186,13.271,46,17,161.543,174.639,-13.096,-42,-19
278.4269,201.357,191.953,9.404,45,16,158.643,167.959,-9.316,-44,-16
278.5273,201.885,196.963,4.922,33,15,158.115,162.949,-4.834,-32,-16
278.6189,200.391,199.863,0.527,19,13,159.609,160.137,-0.527,-19,-14
278.7120,197.227,201.006,-3.779,7,12,162.773,159.258,3.516,-2,-13
278.8040,192.656,200.830,-8.174,-2,-15,167.344,159.258,8.086,0,16
278.8967,186.943,199.072,-12.129,-19,-17,173.057,160.576,12.480,19,19
278.9889,180.703,195.117,-14.414,-34,-19,179.297,164.707,14.590,36,19
279.0826,174.375,189.756,-15.381,-42,-19,185.625,170.156,15.469,44,19
279.1759,168.486,183.779,-15.293,-48,-18,191.514,176.133,15.381,50,19
279.2715,163.477,177.275,-13.799,-48,-18,196.523,182.900,13.623,52,18
279.3690,159.873,171.123,-11.250,-44,-17,200.127,189.229,10.898,47,16
279.4649,158.203,165.938,-7.734,-35,-16,201.797,194.414,7.383,38,16
279.5571,158.467,161.807,-3.340,-29,-13,201.533,198.457,3.076,29,14
279.6496,160.488,159.434,1.055,-13,-13,199.512,200.654,-1.143,15,13
279.7460,164.355,158.994,5.361,1,12,195.645,201.094,-5.449,0,-13
279.8379,169.365,159.082,10.283,2,17,190.635,200.479,-9.844,-9,-17
279.9298,175.254,161.982,13.271,31,17,184.746,197.666,-12.920,-26,-19
280.0238,181.582,166.641,14.941,37,18,178.418,192.920,-14.502,-37,-19
280.1175,187.910,172.178,15.732,46,18,172.090,187.295,-15.205,-45,-18
280.2107,193.447,178.154,15.293,46,19,166.553,181.143,-14.590,-50,-18
280.3030,197.842,184.570,13.271,51,17,162.158,175.166,-13.008,-45,-18
280.3956,200.742,190.459,10.283,44,17,159.258,169.453,-10.195,-43,-17
280.4882,201.885,195.381,6.504,36,14,158.115,164.707,-6.592,-36,-15
280.5811,201.182,198.809,2.373,24,14,158.818,161.104,-2.285,-23,-15
280.6772,198.633,200.654,-2.021,10,13,161.367,159.346,2.021,-8,-14
280.7873,193.535,200.918,-7.383,0,-14,166.465,159.258,7.207,1,14
280.9057,186.328,198.896,-12.568,-20,-17,173.672,160.576,13.096,20,18
280.9982,180.088,195.029,-14.941,-33,-19,179.912,164.883,15.029,37,19
281.0939,173.672,189.404,-15.732,-44,-19,186.328,170.596,15.732,47,20
281.1869,167.871,183.076,-15.205,-50,-18,192.129,176.748,15.381,50,19
281.4065,158.994,169.893,-10.898,-30,-13,201.006,190.547,10.459,31,13
281.5037,158.115,167.607,-9.492,-16,-19,201.885,192.656,9.229,16,19
281.5955,159.082,163.301,-4.219,-41,-15,200.918,197.227,3.691,42,15
281.6881,161.807,159.346,2.461,-21,-12,198.193,200.742,-2.549,21,12
281.7910,166.641,158.994,7.646,1,14,193.359,201.006,-7.646,-2,-14
281.8902,172.617,160.400,12.217,20,18,187.383,199.248,-11.865,-19,-18
281.9907,179.385,165.059,14.326,36,17,180.615,194.678,-14.062,-36,-18
282.0835,185.625,169.980,15.645,42,19,174.375,189.492,-15.117,-43,-18
282.1609,190.635,174.990,15.645,49,18,169.365,184.658,-15.293,-46,-18
282.2504,195.469,180.967,14.502,52,18,164.531,178.506,-13.975,-48,-19
282.3424,199.248,187.207,12.041,48,16,160.752,172.529,-11.777,-48,-19
282.4350,201.445,192.744,8.701,41,16,158.555,167.256,-8.701,-39,-17
282.5258,201.885,196.963,4.922,31,15,158.115,162.949,-4.834,-31,-16
282.6186,200.391,199.775,0.615,19,13,159.609,160.137,-0.527,-18,-15
282.7141,197.139,201.006,-3.867,7,12,162.861,159.258,3.604,-2,-14
282.8071,192.480,200.830,-8.350,-1,-15,167.520,159.258,8.262,0,15
282.9004,186.680,198.984,-12.305,-20,-18,173.320,160.664,12.656,19,19
282.9925,180.439,195.029,-14.590,-34,-19,179.561,164.971,14.590,37,19
283.0853,174.199,189.668,-15.469,-42,-19,185.801,170.332,15.469,44,19
283.3415,160.752,175.254,-14.502,-19,-13,199.248,185.098,14.150,22,13
283.4423,158.467,173.320,-14.854,-20,-27,201.533,187.031,14.502,22,25
283.4958,158.115,169.805,-11.689,-52,-27,201.885,190.635,11.250,53,24
283.5956,159.082,161.455,-2.373,-55,-13,200.918,198.984,1.934,53,12
283.6891,161.807,158.643,3.164,-9,-12,198.193,201.533,-3.340,9,1
283.7853,166.289,158.730,7.559,2,15,193.711,201.182,-7.471,-5,-15
283.8782,171.826,160.312,11.514,18,17,188.174,199.512,-11.338,-18,-17
283.9716,178.066,164.092,13.975,33,18,181.934,195.732,-13.799,-32,-18
284.0647,184.395,168.838,15.557,40,18,175.605,190.635,-15.029,-42,-19
284.1581,190.459,174.814,15.645,49,18,169.541,184.834,-15.293,-47,-18
284.2521,195.557,181.143,14.414,52,18,164.443,178.418,-13.975,-48,-18
284.3455,199.424,187.383,12.041,47,17,160.576,172.354,-11.777,-47,-18
284.4382,201.533,193.008,8.525,42,16,158.467,166.992,-8.525,-39,-17
284.5326,201.797,197.314,4.482,30,15,158.203,162.598,-4.395,-30,-16
284.6469,199.600,200.391,-0.791,16,13,160.400,159.609,0.791,-13,-14
284.7360,196.172,201.094,-4.922,3,-12,163.828,159.258,4.570,0,-13
284.8309,191.074,200.566,-9.492,-4,-16,168.926,159.346,9.580,2,16
284.9238,185.186,198.105,-12.920,-24,-18,174.814,161.543,13.271,26,19
285.0163,178.945,193.711,-14.766,-37,-19,181.055,166.289,14.766,40,18
